"Document Title",Authors,"Author Affiliations","Publication Title",Date Added To Xplore,"Publication Year","Volume","Issue","Start Page","End Page","Abstract","ISSN",ISBNs,"DOI",Funding Information,PDF Link,"Author Keywords","IEEE Terms","Mesh_Terms",Article Citation Count,Patent Citation Count,"Reference Count","License",Online Date,Issue Date,"Meeting Date","Publisher",Document Identifier
"Using Fire Dynamics Simulator (FDS) to explore the fire hazard zone of solar photovoltaic energy storage system","J. -H. Chi; Y. -H. Huang","Department of Fire Science, Wu Feng University, WFU, Minsyong, Chiayi, 62153, Taiwan; Department of Fire Science, Wu Feng University, WFU, Minsyong, Chiayi, 62153, Taiwan","2023 2nd International Conference on Advanced Electronics, Electrical and Green Energy (AEEGE)","9 Nov 2023","2023","","","105","109","In recent years, due to issues such as air pollution and global warming, green energy such as wind power and photovoltaics has developed rapidly. Moreover, whether it is wind power generation or solar photovoltaic, it is necessary to use energy storage system to regulate the power system to maintain the balance and stability of power supply. However, there have been many fire accidents of energy storage systems in the world, causing difficulties in fire rescue. This study takes Taiwan’s current largest solar photovoltaic energy storage system as a case study, uses the Fire Dynamics Simulator(FDS) to discuss the situation of the fire in this case, the situation of the fire spread, and the fire extinguishing efficiency of the water mist system. Based on the results of FDS computer simulation program, an evaluation method for the fire hazard zone of fire rescue is established, and a mechanism for fire prevention, emergency response and fire rescue of solar photovoltaic energy storage system is established.","","979-8-3503-2286-6","10.1109/AEEGE58828.2023.00027","Ministry of Science and Technology; ","https://ieeexplore.ieee.org/stamp/stamp.jsp?arnumber=10308873","solar photovoltaic;energy storage systems;Fire Dynamics Simulator(FDS);fire hazard zone;water mist system","Photovoltaic systems;Power supplies;Power system dynamics;Green products;Wind power generation;Power system stability;Hazards;Climate change","","","","15","IEEE","9 Nov 2023","26-28 May 2023","26-28 May 2023","IEEE","IEEE Conferences"
"Study of Building Fire Evacuation Based on Continuous Model of FDS & EVAC","F. Tingyong; X. Jun; Y. Jufen; W. Bangben","Engineering Research Center of Buildings Energy-efficient Control and Evaluation, Ministry of Education, Hefei, Anhui, China; Engineering Research Center of Buildings Energy-efficient Control and Evaluation, Ministry of Education, Hefei, Anhui, China; Engineering Research Center of Buildings Energy-efficient Control and Evaluation, Ministry of Education, Hefei, Anhui, China; Engineering Research Center of Buildings Energy-efficient Control and Evaluation, Ministry of Education, Hefei, Anhui, China",2011 International Conference on Computer Distributed Control and Intelligent Environmental Monitoring,"11 Apr 2011","2011","","","1331","1334","It is quite remarkable that in building fires, many people get chocked due to the failure of evacuating timely, thus causing a huge loss of life and property. In this paper, a large number of building fire evacuation simulation examples are vividly described to introduce the study of building fire evacuation based on continuous model of FDS&EVAC. The future evacuation model will contain more behavioral details, moving towards the direction of predicting individual behavior, simulating large populations and complex features, handling the complex interrelationships among building structure, environment and human behavior.","","978-1-61284-278-3","10.1109/CDCIEM.2011.277","","https://ieeexplore.ieee.org/stamp/stamp.jsp?arnumber=5748059","building fire;FDS&EVAC;vacuation simulation;continuous model","Monitoring;Computers;Distributed control","","7","","6","IEEE","11 Apr 2011","19-20 Feb. 2011","19-20 Feb. 2011","IEEE","IEEE Conferences"
"Validation of the Shape Transformation Protocol for Simulating Non-Cuboid Compartments in CFAST Using FDS Simulations","C. Wu; W. Yan; M. Clayton","Iowa State University, USA; Texas A&M University, USA; Texas A&M University, USA",2025 Annual Modeling and Simulation Conference (ANNSIM),"30 Oct 2025","2025","","","1","12","CFAST is a common application for building fire simulation. CFAST is limited to only capable of simulating buildings with cuboid (box) shape rooms due to its spatial definition using three parameters: length, width, and height. A solution to overcome this limitation is to convert a non-cuboid to a cuboid with the same floor area, width/length proportion, and volume as the original geometry. This shape transformation protocol allows CFAST to simulate buildings with any shape rooms. However, the accuracy of the simulation results due to the shape transformation remained unknown. This study investigated the accuracy of this shape transformation protocol by comparing the simulation results of the original shape and the transformed shape with FDS simulations. The results showed that the vast majority of the test cases had less than 6% difference. It indicates that using this shape transformation protocol to simulate non-cuboid rooms in CFAST can achieve reasonable accuracy.","","979-8-3313-1616-7","","","https://ieeexplore.ieee.org/stamp/stamp.jsp?arnumber=11214599","Building fire simulation;CFAST;FDS;validation;non-cuboid compartment","Geometry;Protocols;Accuracy;Shape;Simulation;Buildings;Transforms;Floors;Heat transfer","","","","13","","30 Oct 2025","26-29 May 2025","26-29 May 2025","IEEE","IEEE Conferences"
"Building a Virtual Reality Fire Environment based on Fire Dynamic Simulator","M. Tzani; J. Besharat; V. Charalampous; C. Stylios","Computer Technology Institute and Press “Diophantus”, “D. Maritsas” Building, N. Kazantzaki str., University Campus of Patras, Rion; Computer Technology Institute and Press “Diophantus”, “D. Maritsas” Building, N. Kazantzaki str., University Campus of Patras, Rion; Department of Informatics and Telecommunications, University of Ioannina; Computer Technology Institute and Press “Diophantus”, “D. Maritsas” Building, N. Kazantzaki str., University Campus of Patras, Rion",2020 International Conference on Information Technologies (InfoTech),"2 Oct 2020","2020","","","1","5","A virtual reality environment offers advanced simulation abilities for training purposes to increase interactive learning experience. The aim of this paper is the investigation and designing of a virtual reality environment to simulate the fire spread inside a room based on a well-known approach called Fire Dynamic Simulator (FDS). FDS achieves a realistic and accurate approach in describing any fire spread, due to its advanced mathematics formulas and models. The visualization of the fire spread in a VR system is more realistic by entering accurate data, which could be provided by the FDS. This virtual reality application could be used for fire extinguishing simulations. Utilizing FDS technical scientific methods, we can borrow and customize them so that we can make a more comprehensive application in Unity in the future to create a full environment with multiple possibilities. This might be supportive for firefighting training and knowledge about how fire evolves. This offers the opportunity to improve firefighting training in an ecofriendly virtual environment with affordable validity, leading in a safe evaluation of fire behavior in various scenarios that would otherwise be very dangerous to examine.","","978-1-7281-6914-9","10.1109/InfoTech49733.2020.9211048","","https://ieeexplore.ieee.org/stamp/stamp.jsp?arnumber=9211048","Fire Dynamics Simulator (FDS);Fire simulation;Fire training simulator;Virtual Reality;Unity 3D","Fires;Solid modeling;Training;Mathematical model;Virtual reality;Computational modeling;Computational fluid dynamics","","7","","17","IEEE","2 Oct 2020","17-18 Sept. 2020","17-18 Sept. 2020","IEEE","IEEE Conferences"
"FDS Research on Smoke Control in the Stair Enclosure of a High-Rise Building Fire Event","Y. Haowei; L. Dong; H. Zhijian; S. Lee; Z. Yiming; C. Zepeng; H. Bingyu","Sun Yat-Sen University, Guangzhou, Guangdong, CN; School of Engineering, Sun Yat-sen University, Guangzhou, China; Sun Yat-Sen University, Guangzhou, Guangdong, CN; Fanwo Electronic Co., Ltd, Shenzhen, China; Fan wo Electron. Co., Ltd., Shenzhen, China; Fan wo Electron. Co., Ltd., Shenzhen, China; Fan wo Electron. Co., Ltd., Shenzhen, China",2009 International Conference on Energy and Environment Technology,"28 Dec 2009","2009","3","","70","73","The paper briefly reviewed the methods of smoke control in a high-rise building fire accident and the research status of this topic. It shows that the stair enclosure, which is almost the only path for the building occupants to safely egress the building during a fire event in a high-rise building, plays a very important role in the performance based design of a high-rise building. Four fire scenarios of a stair enclosure, namely no measure, natural ventilation, pressurization and dilution, are simulated by FDS. The simulation results are compared and analysis to obtain the optimal solution. The further studies also address.","","978-0-7695-3819-8","10.1109/ICEET.2009.483","","https://ieeexplore.ieee.org/stamp/stamp.jsp?arnumber=5366732","fire event;performance-based design;smoke control;FDS","Fires;Buildings;ISO standards;Computational fluid dynamics;Control systems;Safety;Europe;Computational modeling;NIST;Paper technology","","","","8","IEEE","28 Dec 2009","16-18 Oct. 2009","16-18 Oct. 2009","IEEE","IEEE Conferences"
"Simulation of fire evacuation in a high-rise office building","W. Bai; Y. Huo; G. W. Zou; Y. Gao","College of Aerospace and Civil Engineering, Harbin Engineering University, Harbin, China; College of Aerospace and Civil Engineering, Harbin Engineering University, Harbin, China; College of Aerospace and Civil Engineering, Harbin Engineering University, Harbin, China; College of Aerospace and Civil Engineering, Harbin Engineering University, Harbin, China",2015 IEEE International Conference on Industrial Engineering and Engineering Management (IEEM),"21 Jan 2016","2015","","","1704","1708","In order to find out the evacuation process of people when fire occurs in a high-rise building, the evacuation process in a ten-storey telecom office building is simulated under different opening conditions by using FDS+Evac software. The temperature field, smoke layer height and toxic gas index are analysed quantificationally. The results prove that about 70% of time is wasted in the stairs because of the stoppage during people evacuation. The exit numbers have little effect on the evacuation time if the number of people is small and they are familiar with the exits. However, adding another stair case in the building is able to reduce 1/3 time of evacuation.","","978-1-4673-8066-9","10.1109/IEEM.2015.7385938","","https://ieeexplore.ieee.org/stamp/stamp.jsp?arnumber=7385938","high-rise building fire;evacuation;FDS+Evac;computer simulation","Floors;Fires;Numerical models;Computational modeling;Force;Personnel","","7","","14","IEEE","21 Jan 2016","6-9 Dec. 2015","6-9 Dec. 2015","IEEE","IEEE Conferences"
"Study on Hotel Fire Investigation Based on FDS","Y. Liu; Z. -S. Xu; L. Yan","Institute of Disaster Prevention Science and Safety Technology, Central South University, Changsha, China; Institute of Disaster Prevention Science and Safety Technology, Central South University, Changsha, China; Institute of Disaster Prevention Science and Safety Technology, Central South University, Changsha, China",2014 7th International Conference on Intelligent Computation Technology and Automation,"8 Jan 2015","2014","","","697","700","This article is main to confirm the hotel fire development process and to analyze the main cause of death. Based on the hotel fire investigation results, a FDS simulation model was used to analyze the temperature field, CO concentration and volume fraction of O2 about 1.5m above each death point. Then, the time that each factor reaches a critical condition such as limiting temperature of human body, CO lethal concentration and limiting volume fraction of oxygen were calculated. The results show that the cause of death through judging the factor which spend the least time to reach the critical condition. 361 seconds after hotel fire occurred, the interlayer fire reached its heyday. 478 seconds after hotel fire occurred, each floor rooms smoke entered, and smoke sank to the ground. Meanwhile, the trapped man who located in death point 1, 2 and 3 was probably to die because of high temperature while 220 seconds after fire occurred. The trapped man failed to escape in time on death point 4, 5, 6, 7, 8 and 9 was probably die for CO poisoning. The results of combining fire investigation with FDS simulation show that numerical reconstruction methods can simulate the fire accidents effectively.","","978-1-4799-6636-3","10.1109/ICICTA.2014.170","","https://ieeexplore.ieee.org/stamp/stamp.jsp?arnumber=7003633","Numerical Simulation;Fire Investigation;Hotel Fire;FDS;Cause of Death","Fires;Floors;Temperature;Computational modeling;Software;Numerical models","","2","","11","IEEE","8 Jan 2015","25-26 Oct. 2014","25-26 Oct. 2014","IEEE","IEEE Conferences"
"Simulation of the Fire in the Working of Coal Mine Using the Fire Dynamics Simulator Software","A. I. Kin; A. I. Sidorenko","Biysk Technological Institute, Biysk, Russia; Biysk Technological Institute, Biysk, Russia",2020 21st International Conference of Young Specialists on Micro/Nanotechnologies and Electron Devices (EDM),"31 Jul 2020","2020","","","276","284","Fire simulation in the working of coal mine using the Fire Dynamic Simulator software package was carried out. The most probable scenario of the fire growth associated with the combustion of the conveyor belt in the conveyor working of coal mine was determined. An approach was chosen basing on the simulation of gas-phase combustion taking into account the internal processes occurring in the material by setting specific rate of solid material combustion. The main analytical dependencies for simulation were formulated, on the basis of which a computer model was developed. Large Eddy Simulation (LES) method was used to describe the turbulent flow during a fire. The Deardorff subgrid model is used to calculate turbulent viscosity. The combustion model is an infinitely fast reaction model. The thermal radiation model involves solving the radiation transfer equation basing on the control volume method. The influence of the ventilation flow rate on the fire propagation rate during the process of the model verification is analyzed. Maximum speed of fire propagation is reached-0.017 m/s at the speed of ventilation flow from 1.5 to 3 m/s. During the simulation, the influence of the inlet airflow rate on the concentration of CO and CO2 was revealed. In addition, the inlet air velocity significantly affects the temperature and heat dissipation power. The maximum values of temperature and power ranged from 420 to 670° c and from 2 to 9 MW, respectively. The duration of the growth fire stage, depending on the inlet airflow rate, varies from 300 s to 600 s.","2325-419X","978-1-7281-6846-3","10.1109/EDM49804.2020.9153487","","https://ieeexplore.ieee.org/stamp/stamp.jsp?arnumber=9153487","simulation;fire scenario;coal mine;Fire Dynamic Simulator.","Fires;Computational modeling;Belts;Combustion;Mathematical model;Coal mining;Heating systems","","4","","23","IEEE","31 Jul 2020","29 June-3 July 2020","29 June-3 July 2020","IEEE","IEEE Conferences"
"Agent-based evacuation model incorporating fire scene and building geometry","F. Tang; A. Ren","Department of Civil Engineering, Tsinghua University, Beijing 100084, China; Department of Civil Engineering, Tsinghua University, Beijing 100084, China",Tsinghua Science and Technology,"17 Jan 2012","2008","13","5","708","714","A comprehensive description of the key factors affecting evacuations at fire scenes is necessary for accurate simulations. An agent-based simulation model which incorporates the fire scene and the building geometry is developed using a fire dynamics simulator (FDS) based on the computational fluid dynamics and geographic information system (GIS) data to model the occupant response. The building entities are generated for FDS simulation while the spatial analysis on GIS data represents the occupant's knowledge of the building. The influence of the fire is based on a hazard assessment of the combustion products. The agent behavior and decisions are affected by environmental features and the fire field. A case study demonstrates that the evacuation model effectively simulates the coexistence and interactions of the major factors including occupants, building geometry, and fire disaster during the evacuation. The results can be used for the assessments of building designs regarding fire safety.","1007-0214","","10.1016/S1007-0214(08)70115-9","","https://ieeexplore.ieee.org/stamp/stamp.jsp?arnumber=6074190","evacuation;fire safety;multi-agent;fire dynamics simulator (FDS);geographic information system (GIS)","Fires;Computational modeling;Geometry;Geographic Information Systems;Floors;Data models","","8","","","","17 Jan 2012","Oct. 2008","","TUP","TUP Journals"
"Analysis of Fire Propagation in Electrical Cable Trays Using the FLASH-CAT Model","H. -M. Kang; J. Lee; Y. -S. Moon; H. -Y. Lee","Division of Smart Convergence Engineering, Changshin University, Changwon, South Korea; Department of Reactor System, Korea Institute of Nuclear Safety, Daejeon, South Korea; Department of Research and Development Planning, Korea Institute of Nuclear Safety, Daejeon, South Korea; Division of Smart Convergence Engineering, Changshin University, Changwon, South Korea",IEEE Transactions on Magnetics,"26 Nov 2024","2024","60","12","1","4","In this study, a novel fire modeling procedure was proposed for the computational fluid dynamics (CFDs) simulation of electrical cable tray fires for improving fire safety in nuclear power plants (NPPs). The simulation conditions were selected from cable fire experiments that were conducted in an open atmosphere and enclosed compartment conditions, as part of the PRISME-3 (French acronym for “Fire Propagation in Elementary Multi-Room Scenarios”) project, an international cooperative project that was carried out under the auspices of the Nuclear Energy Agency (NEA) of Organization for Economic Co-operation and Development (OECD). To solve the CFD problem of heat and smoke flow caused by electrical cable fire, we used a fire dynamics simulator (FDS) model based on the Naver-Stoke’s equation, which is suitable for low-speed heat flow. In the FDS model, the heat release rate per unit area (HRRPUA), fire duration, and physical properties of the cable were considered as main input parameters and boundary conditions to perform the cable fire simulation analysis. The HRRPUA time curve for cable fires was assumed to be the FLASH-CAT model presented in NUREG-7010. To validate the FDS model with the experimental results of cable tray fire scenarios, we compared simulation results by different cable fire models to find a cable fire model that is consistent with the experimental results.","1941-0069","","10.1109/TMAG.2024.3440573","Nuclear Safety Research Program through Korea Foundation Of Nuclear Safety (KoFONS) using the financial resource granted by the Nuclear Safety and Security Commission (NSSC) of Republic of Korea(grant numbers:2106006-0323-WT112); ","https://ieeexplore.ieee.org/stamp/stamp.jsp?arnumber=10630874","Cable fire propagation;fire dynamics simulator (FDS);FLASH-CAT model;PRISME project","Power cables;Predictive models;Numerical models;Mathematical models;Analytical models;Computational modeling;Communication cables","","1","","13","IEEE","8 Aug 2024","Dec. 2024","","IEEE","IEEE Journals"
"Numerical Simulation for Fire Emergency Planning in a Home Appliances Factory","W. Chanthakhot; K. Ransikabum","Department of Industrial Engineering, Ubon Ratchathani University, Ubon Ratchathani, Thailand; Department of Industrial Engineering, Ubon Ratchathani University, Ubon Ratchathani, Thailand","2019 Research, Invention, and Innovation Congress (RI2C)","17 Feb 2020","2019","","","1","5","Home Appliances (HA) factories commonly use fire combustible materials in manufacturing process, such as paper and plastic. When the fire occurs, the flammable materials rapidly and excessively heat and smoke. Lack of fire management plan can result in property damage and casualties. Thus, it is essential to evaluate risk from fire in order to plan for fire evacuation properly. In this study, we aim to simulate fire in HA factory comprised of industrial area, storage space, and offices., The Fire Dynamics Simulator (FDS) software called PyroSim is used to analyze the simulated fire; in which the spread of smoke, the temperature profile, the potential visibility, and CO2 are analyzed. The initial results show that the fire-smoke will spread very rapidly and can completely block the visibility of the escape routes from the fire room after about 4 minutes from when the fire occurs. This study is expected to not only give an understanding of fire characteristics, but also to make a proper decision regarding fire protection designs and to assess evacuation plans.","","978-1-7281-4100-8","10.1109/RI2C48728.2019.8999928","","https://ieeexplore.ieee.org/stamp/stamp.jsp?arnumber=8999928","fire dynamics simulation (FDS);smoke spread;home appliances factory;emergency planning","Home appliances;Technological innovation;Temperature;Buildings;Production facilities;Planning;Plastics","","4","","23","IEEE","17 Feb 2020","11-13 Dec. 2019","11-13 Dec. 2019","IEEE","IEEE Conferences"
"Fire Evacuation Path Planning Based on Ant Colony Algorithm","X. Liu; M. Zhang","Beijing Polytechnic University, Beijing, China; Beijing Polytechnic University, Beijing, China",2025 5th International Conference on Advanced Algorithms and Neural Networks (AANN),"1 Dec 2025","2025","","","672","676","In fire emergencies within university laboratory buildings, complex layouts and dense populations often lead to severe casualties. To overcome the limitations of traditional Ant Colony Optimization (ACO) in dynamic fire conditions, this study proposes an enhanced evacuation path planning method. Key environmental factors (temperature, CO concentration, visibility, and crowd density) are incorporated into a multi-factor path evaluation model based on Equivalent Evacuation Distance. An adaptive pheromone update and a target-guided heuristic are introduced to improve convergence and robustness. Simulation experiments on a 2D grid model derived from an actual floor plan, using FDS data in MATLAB, validate the method's effectiveness. Results show that the improved ACO generates safer, smoother, and faster-converging paths, demonstrating strong adaptability in complex fire scenarios.","","979-8-3315-9736-8","10.1109/AANN66429.2025.11257653","","https://ieeexplore.ieee.org/stamp/stamp.jsp?arnumber=11257653","fire evacuation;ant colony optimization;path planning;environmental modeling;equivalent evacuation distance","Ant colony optimization;Adaptation models;Temperature;Neural networks;Layout;Path planning;Robustness;Mathematical models;MATLAB;Floors","","","","5","IEEE","1 Dec 2025","15-17 Aug. 2025","15-17 Aug. 2025","IEEE","IEEE Conferences"
"RFES: A Real-Time Fire Evacuation System for Mobile Web3D","F. -T. Yan; Y. -H. Hu; J. -Y. Jia; Q. -H. Guo; H. -H. Zhu; Z. -G. Pan","School of Electronic and Electrical Engineering, Shanghai University of Engineering Science, Shanghai, China; School of Software Engineering, Tongji University, Shanghai, China; School of Software Engineering, Tongji University, Shanghai, China; School of Civil Engineering, Tongji University, Shanghai, China; School of Civil Engineering, Tongji University, Shanghai, China; Research Center of Digital Media and Human-Computer Interaction, Hangzhou Normal University, Hangzhou, China",Frontiers of Information Technology & Electronic Engineering,"16 Dec 2025","2019","20","8","1061","1074","There are many bottlenecks that limit the computing power of the Mobile Web3D and they need to be solved before implementing a public fire evacuation system on this platform. In this study, we focus on three key problems: (1) The scene data for large-scale building information modeling (BIM) are huge, so it is difficult to transmit the data via the Internet and visualize them on the Web; (2) The raw fire dynamic simulator (FDS) smoke diffusion data are also very large, so it is extremely difficult to transmit the data via the Internet and visualize them on the Web; (3) A smart artificial intelligence fire evacuation app for the public should be accurate and real-time. To address these problems, the following solutions are proposed: (1) The large-scale scene model is made lightweight; (2) The amount of dynamic smoke is also made lightweight; (3) The dynamic obstacle maps established from the scene model and smoke data are used for optimal path planning using a heuristic method. We propose a real-time fire evacuation system based on the ant colony optimization (RFES-ACO) algorithm with reused dynamic pheromones. Simulation results show that the public could use Mobile Web3D devices to experience fire evacuation drills in real time smoothly. The real-time fire evacuation system (RFES) is efficient and the evacuation rate is better than those of the other two algorithms, i.e., the leader-follower fire evacuation algorithm and the random fire evacuation algorithm.","2095-9230","","10.1631/FITEE.1700548","","https://ieeexplore.ieee.org/stamp/stamp.jsp?arnumber=11289976","Fire evacuation drill;Building information modeling (BIM) building space;Mobile Web3D;Real-time fire evacuation system based on ant colony optimization (RFES-ACO) algorithm","Radio frequency;Ant colony optimization;Heuristic algorithms;Simulation;Buildings;Data visualization;Real-time systems;Data models;Path planning;Internet","","","","25","","16 Dec 2025","August 2019","","ZUP","ZUP Journals"
"Numerical simulation of mine fire based on the FDS","Du Cuifeng; Liu Zhiwei; Guo Qianqian","School of civil and Environment engineering, University of Science and Technology Beijing, Beijing, China; School of civil and Environment engineering, University of Science and Technology Beijing, Beijing, China; School of civil and Environment engineering, University of Science and Technology Beijing, Beijing, China",2011 International Conference on Electric Technology and Civil Engineering (ICETCE),"27 May 2011","2011","","","500","503","In the paper, the 3D model of the Jinlinshan mine ventilation system was built with the FDS software, then the electric cable fire was set at the mine shaft station, then the process of smoke spreading was simulated with use of the model of mixture Fraction Combustion. The variation of the parameters including the smoke temperature, CO concentration and visibility in the tunnel along with time were obtained through the analysis of the FDS simulation result, and the hazard zone during the fire was determined, which provided the theoretical basis to formulate emergency plan and to conduct mine anti-wind.","","978-1-4577-0290-7","10.1109/ICETCE.2011.5775168","","https://ieeexplore.ieee.org/stamp/stamp.jsp?arnumber=5775168","FDS;mine fire;smoke spread;mine ventilation;Numerical simulation","Fires;Shafts;Fuel processing industries;Temperature measurement;Atmospheric modeling;Mathematical model;Ventilation","","1","","15","IEEE","27 May 2011","22-24 April 2011","22-24 April 2011","IEEE","IEEE Conferences"
"Numerical Simulation on the Breakage of Glass Curtain in a Tower Building Fire","J. -H. Wang; J. -J. Chen; X. -J. Guo; Z. Fang","Wuhan University, Wuhan, China; Wuhan University, Wuhan, China; Wuhan University, Wuhan, China; Wuhan University, Wuhan, China",2014 7th International Conference on Intelligent Computation Technology and Automation,"8 Jan 2015","2014","","","396","399","This essay studies the breakage of glass curtain due to the fire in a tower building with a CFD (computation fluid dynamics) based simulation package (FDS). The heat release rate of fire is 6MW which determined by the function of the tower. The results shows temperature in vertical direction change a lot. Since the tress generated by temperature difference is the cause of glass breakage, glass size has influence on their fire-resistance performance. In the simulation, the optimal size of tempered glass under certain condition is put forward.","","978-1-4799-6636-3","10.1109/ICICTA.2014.102","","https://ieeexplore.ieee.org/stamp/stamp.jsp?arnumber=7003565","Tower building;Fire;Tempered glass;Breakage;FDS","Fires;Glass;Floors;Mathematical model;Poles and towers;Equations","","2","","10","IEEE","8 Jan 2015","25-26 Oct. 2014","25-26 Oct. 2014","IEEE","IEEE Conferences"
"Building Fire Information Simulation Based on BIM Technology","Y. Gan; W. Zhang; J. Zhang","College of Urban Construction, Guangzhou Huali Science and Technology Vocational College, Guangdong, China; School of Electrical Engineering and Automation, Harbin Institute of Technology, Harbin, China; College of Urban Construction, Guangzhou Huali Science and Technology Vocational College, Guangdong, China",IECON 2023- 49th Annual Conference of the IEEE Industrial Electronics Society,"16 Nov 2023","2023","","","1","6","In this paper, the building information modelling (BIM) of a large theatre building is established based on the drawings, and the overall design is carried out according to the actual structure of the building, relevant industry norms and fire protection system requirements, including identification, control and evacuation modules. Based on this model, the fire dynamics simulator (FDS) tool is used to conduct a numerical simulation of fire, and the characteristics of different fires in different regions are studied by laying fire detectors, and the physical characteristics of each stage of fire development are recorded, which provides support for the research of multi-sensor data fusion.","2577-1647","979-8-3503-3182-0","10.1109/IECON51785.2023.10312378","","https://ieeexplore.ieee.org/stamp/stamp.jsp?arnumber=10312378","BIM technology;fire dynamics simulation;information synthesis;data analysis","Industries;Industrial electronics;Temperature distribution;Heuristic algorithms;Layout;Detectors;Numerical simulation","","1","","12","IEEE","16 Nov 2023","16-19 Oct. 2023","16-19 Oct. 2023","IEEE","IEEE Conferences"
"Effect of Window Arrangement on Controlling the Smoke Spread in a Refuge Floor","W. H. H. A. Kariyawasam; K. M. H. K. Bandara; G. W. D. K. A. Withanage; R. A. C. P. Ranasinghe","Dept. of Mechanical Engineering, University of Moratuwa, Moratuwa, Sri Lanka; Dept. of Mechanical Engineering, University of Moratuwa, Moratuwa, Sri Lanka; Dept. of Mechanical Engineering, University of Moratuwa, Moratuwa, Sri Lanka; Dept. of Mechanical Engineering, University of Moratuwa, Moratuwa, Sri Lanka",2019 Moratuwa Engineering Research Conference (MERCon),"29 Aug 2019","2019","","","436","440","In this study, it is expected to improve the survivable conditions inside the refuge floor by using natural ventilation. Refuge floor at 33rd floor in tower A of KRRISH square was selected for the case study. FDS was used to proceed CFD analysis. Mathematical models such as turbulence models used for the simulations were validated in two methods. Results of the validations were with good comparison. Investigations were performed for current window configuration and proposed a modified window set up that have better survivable conditions. Temperature, Carbon Monoxide concentration and visibility were selected as the parameters to investigate the survivable condition. It was shown that the proposed window configuration was more suitable than the existing window set up using those selected parameters. Comparisons were performed using graphs and slices of selected parameters. Importance of using cross ventilation, effectiveness of using windows to control wind speed inside the floor could be suggested as the considerations for designing window setups in refuge floors.","","978-1-7281-3632-5","10.1109/MERCon.2019.8818898","","https://ieeexplore.ieee.org/stamp/stamp.jsp?arnumber=8818898","high-rise buildings;refuge floor;natural ventilation","Floors;Ventilation;Windows;Wind;Mathematical model;Computational modeling","","","","24","IEEE","29 Aug 2019","3-5 July 2019","3-5 July 2019","IEEE","IEEE Conferences"
"Analysis of Fire Propagation in Electrical Cable Tray Using the FLASH-CAT Model","H. -M. Kang; J. Lee; Y. -S. Moon; H. -Y. Lee","Division of Smart Convergence Engineering, Changshin University, Changwon, Repulic of korea; Department of Reactor System Evaluation, Korea Institute of Nuclear Safety, Busan, Repulic of korea; Department of Innovation strategy Center, Korea Institute of Nuclear Safety, Daejeon, Repulic of korea; Division of Smart Convergence Engineering, Changshin University, Changwon, Repulic of korea",2024 IEEE 21st Biennial Conference on Electromagnetic Field Computation (CEFC),"16 Jul 2024","2024","","","01","02","In this study, a numerical method for fire modeling of electrical cable tray fires was developed for the purpose of improving fire safety in Nuclear Power Plants (NPPs). The simulation model was selected from cable fire experiments conducted under open atmosphere and enclosed compartment conditions from the fire propagation in elementary multi-compartment scenarios (PRISME) campaign, an international cooperative project of the Nuclear Energy Agency (NEA) of OECD. To solve the computational fluid dynamics problem of heat and smoke flow caused by fire, a numerical solution is obtained based on the Naver-Stoke's equation, which is suitable for low-speed heat flow. The governing equations consist of the mass, momentum, and energy conservation equations of the fluid and the ideal state equation as the governing equations, and the heat release rate per unit area, fire duration, and physical properties of the cable are considered as boundary conditions to perform the cable fire simulation analysis. The heat release rate curve for cable fires was assumed to be the FLASH-CAT model presented in NUREG/CR-7010. Based on the experimental results of cable fire scenarios, we developed a fire modeling procedure and applied various cable fire models to successfully develop an analysis method that is in good agreement with the experimental results.","","979-8-3503-4895-8","10.1109/CEFC61729.2024.10586092","","https://ieeexplore.ieee.org/stamp/stamp.jsp?arnumber=10586092","PRISME project;Fire Dynamics Simulator;Cable Fire Propagation;FLASH-CAT Model","Heating systems;Analytical models;Nuclear energy;Fluids;Computational modeling;Atmospheric modeling;Mathematical models","","","","6","IEEE","16 Jul 2024","2-5 June 2024","2-5 June 2024","IEEE","IEEE Conferences"
"Numerical Study of the Performance of Automatic Sprinkler System in Dense Equipment Room","Y. Zeng; K. Hon-Leung Wong; L. Chen","Arup, Shenzhen, China; Arup, Shenzhen, China; Arup, Beijing, China",2019 9th International Conference on Fire Science and Fire Protection Engineering (ICFSFPE),"6 Apr 2020","2019","","","1","7","Components, such as duct and pipe, that heavily installed in some of the special equipment room might become the obstacles affecting the effectiveness of designed automatic sprinkler system. A steam feed pump room in a citywide critical industrial site was numerically investigated using the Fire Dynamics Simulator (FDS), which aims to evaluate the performance of sprinkler system as designed and to provide remedial advices. Design fire scenarios were established with and without obstruction, and compared in regard to the sprinkler head activation as well as the development of fire. The results suggested that obstacles in the higher space of the room (e.g. lifting equipment) could obstruct the smoke spread as commonly known. Comparing to the scenario without obstruction, a more significant rise on smoke layer temperature between obstacles occurred in obstruction scenario, which led to a quicker sprinkler response and more number of sprinklers activated. Furthermore, the vertical obstacle directly above the steam pump could guide the spraying water to the burning surface, resulting in an earlier decay of fire. Nevertheless, a blind area for the performance of sprinkler system formed beneath the horizontal obstacle in lower-level zone which presented a serious hazard. Therefore, it is suggested that a comprehensive analysis should be carried out for all the crucial equipment rooms, supplemented by numerical simulation, such that the performance of the designed automatic sprinkler system could be guaranteed.","","978-1-7281-5322-3","10.1109/ICFSFPE48751.2019.9055794","","https://ieeexplore.ieee.org/stamp/stamp.jsp?arnumber=9055794","Equipment room fire;Obstruction;Sprinkler system performance;Blind area;FDS","System performance;Layout;Spraying;Numerical simulation;Software;Hazards;Time factors;Feeds;Protection;Lifting equipment","","2","","11","IEEE","6 Apr 2020","18-20 Oct. 2019","18-20 Oct. 2019","IEEE","IEEE Conferences"
"MARL-HE: An Improved Multi-agent Reinforcement Learning-based Pathfinding Method for Fire Evacuation Guidance","K. Zhang; D. Zhu; X. Zhao; S. Cherry; Y. Fujisawa; T. Sugawara","Dept. of Computer Science, Waseda University, Tokyo, Japan; Dept. of Artificial Intelligence, China University of Petroleum, Beijing, China; Dept. of Computer Science, Waseda University, Tokyo, Japan; Dept. of Computer Science, Waseda University, Tokyo, Japan; Dept. of Computer Science, Waseda University, Tokyo, Japan; Dept. of Computer Science, Waseda University, Tokyo, Japan",2025 International Joint Conference on Neural Networks (IJCNN),"14 Nov 2025","2025","","","1","8","In the multi-agent pathfinding problem, an agent may have multiple possible destinations, each of which must be appropriately selected in terms of conflict avoidance and shortest path. For example, in an evacuation system when faced with a fire hazard in a building with multiple exits for evacuation, agents need to consider not only the shortest path but also the conflicts of other agents and the fire spread to respond appropriately. However, recent reinforcement-learning-based evacuation pathfinding methods only consider the scenarios of independent individual agents and ignore the influence of other agents and the spread of fire, limiting their application to evacuation. To address these issues, we propose a multi-agent reinforcement learning for pathfinding during hazard evacuation (MARL-HE), which is integrated into reinforcement learning with two novel components: an efficient artificial potential field adapter (APF-adapter) and policy-sharing-enhanced multi-agent proximity policy optimization (PS-MAPPO). The APF adapter utilizes an artificial potential field to eliminate the dynamic state transitions during hazard evacuation. PS-MAPPO leverages policy sharing by determining which other agents each agent has to share part of their policy model to accelerate training efficiency. To evaluate our method, we built a multi-agent fire evacuation guidance system (MAFEGS), a Unity-based fire hazard environment. The experimental results show that our MARL-HE method achieved a 7.02% higher evacuation success rate and 25.12% lower average evacuation number than MAPPO. MAFEGS can plan a safer and faster evacuation guidance path to keep individual safe and increase evacuation efficiency. The simulation environment and code can be downloaded from: https://github.com/ColaZhang22/PS_MARL_PF.","2161-4407","979-8-3315-1042-8","10.1109/IJCNN64981.2025.11229006","","https://ieeexplore.ieee.org/stamp/stamp.jsp?arnumber=11229006","Fire evacuation guidance;Multi-agent pathfinding;Distributed multi-agent reinforcement learning;Policy sharing;artificial potential field","Training;Limiting;Codes;Computational modeling;Buildings;Neural networks;Reinforcement learning;Hazards;Real-time systems;Optimization","","","","20","IEEE","14 Nov 2025","30 June-5 July 2025","30 June-5 July 2025","IEEE","IEEE Conferences"
"Simulation of Dustiness in the Blind Drift of Coal Mine","S. A. Lisakov; A. I. Sidorenko; E. V. Sypin","Biysk Technological Institute, Biysk, Russia; Biysk Technological Institute, Biysk, Russia; Biysk Technological Institute, Biysk, Russia",2020 21st International Conference of Young Specialists on Micro/Nanotechnologies and Electron Devices (EDM),"31 Jul 2020","2020","","","253","262","Computer simulation of the dustiness in the blind drift of coal mine was carried out. The most probable scenario for the occurrence of dustiness in the blind drift of coal mine, during the operation of mining combine, connected with the shutdown of the irrigation system due to clogging of nozzles, is determined. In this case, the determining factor affecting dustiness is the ventilation mode of operation and the associated air flow rate in the mine. The Fire Dynamics Simulator (FDS) software package of computational fluid dynamics is proposed to be used. The calculations were performed using the Large Eddy Simulation (LES) turbulence model, in the approximation of low Mach numbers (Ma <0.3)(subsonic approximation), the Deardorff model for calculating of the turbulent viscosity, and the model based on the discrete-path Euler-Lagrange method for describing of the two-phase flow. Analytical dependencies and initial data for modeling were determined: geometric parameters of the blind drift, ventilation and dust emission parameters, dispersed dust composition, initial conditions. The adequacy of the computer model developed was verified on the basis of experimental data obtained by testing the dynamics of dust aerosols at the test bench – ""MGU Shakhtpozhservice"" LLC. The adequacy of the developed computer model is confirmed based on satisfactory agreement of the simulation results with experimental data. The results of dustiness modeling in the blind drift were analyzed. The distribution of the coal dust mass concentration over the blind drift cross sections for various air flow values of 2.4, 3.6 and 4.8 m3/s is shown. The concentration of coal dust in the area of local ventilation fan jet action is significantly higher – up to 1.8 g/m3 for suspended dust than in the translational movement zone with permissible value of 150 mg/m3. The dependences of the concentrations for suspended and precipitated coal dust along the length of the blind drift were obtained. As a result of dispersed composition analysis, the following were established: the main maxima of the suspended particles size distribution functions by mass correspond to particle diameters of 5-7 microns, in addition, particles with diameters from 20 to 40 microns constitute a significant proportion; significant dust deposition with a diameter of more than 50 microns.","2325-419X","978-1-7281-6846-3","10.1109/EDM49804.2020.9153340","","https://ieeexplore.ieee.org/stamp/stamp.jsp?arnumber=9153340","Modeling;dustiness;coal dust;air velocity;blind drift;Fire Dynamics Simulator.","Computational modeling;Coal;Coal mining;Mathematical model;Data models;Atmospheric modeling;Fuel processing industries","","","","26","IEEE","31 Jul 2020","29 June-3 July 2020","29 June-3 July 2020","IEEE","IEEE Conferences"
"Numerical Simulation and Detection Response Analysis of Fire in a Large Space Building","Q. Zhang; X. -T. Yang","Chinese People Armed Police Force Academy, Lang Fang, China; Chinese People Armed Police Force Academy, Lang Fang, China",2014 7th International Conference on Intelligent Computation Technology and Automation,"8 Jan 2015","2014","","","388","391","The fire dynamics software FDS was used for fire in large space buildings to carry on the numerical simulation, and the different sizes of three kinds of fire - cotton rope smoldering fire, n-heptane flame and shredding smoldering fire were explored for their respective smoke movement law, and the response characteristics of linear infrared beam smoke detector were analyzed. Through simulation, different fire smoke movement law was found, and there was a significant difference between the fire sources, fire scale and installation position of detectors, which will all affect the response time of the fire detector.","","978-1-4799-6636-3","10.1109/ICICTA.2014.100","","https://ieeexplore.ieee.org/stamp/stamp.jsp?arnumber=7003563","Large spaces building;Fire simulation;Linear beam smoke detector","Fires;Buildings;Smoke detectors;Cotton;Numerical models;Detectors;Time factors","","3","","4","IEEE","8 Jan 2015","25-26 Oct. 2014","25-26 Oct. 2014","IEEE","IEEE Conferences"
"Numerical simulation study on bus fire","Xiaonan Zhang; Xishi Wang; Yang Zhou","State Key Laboratory of Fire Science, University of Science and Technology, Hefei, China; State Key Laboratory of Fire Science, University of Science and Technology, Hefei, China; State Key Laboratory of Fire Science, University of Science and Technology, Hefei, China","2011 International Conference on Remote Sensing, Environment and Transportation Engineering","28 Jul 2011","2011","","","511","515","With the development of urbanization, more and more buses come into people's lives, and a lot of bus fires have occurred to personnel and properties in occupied areas. So this paper aimed at the typical bus fires, through setting different fire scenarios, dynamic process of bus fires was studied by using FDS, and the effects of combustible material type, fire source location and ventilation on smoke spread, temperature and heat release rate were discussed. The results could provide some information for risk assessment and prevention of bus fire.","","978-1-4244-9171-1","10.1109/RSETE.2011.5964326","","https://ieeexplore.ieee.org/stamp/stamp.jsp?arnumber=5964326","bus fire;FDS;numerical simulation;temperature;smoke","Fires;Combustion;Ventilation;Heating;Plastics;Numerical simulation","","2","","8","IEEE","28 Jul 2011","24-26 June 2011","24-26 June 2011","IEEE","IEEE Conferences"
"Simulation Research on Fire Evacuation of Large Public Buildings Based on Building Information Modeling","F. Wang; X. Xu; M. Chen; J. Nzige; F. Chong","Department of Management Science and Engineering, Anhui University of Technology, Ma'anshan, China; Department of Management Science and Engineering, Anhui University of Technology, Ma'anshan, China; Department of Management Science and Engineering, Anhui University of Technology, Ma'anshan, China; Department of Water Supply and Irrigation Engineering, Water Institute Tanzania, Dar es Salaam, Tanzania; Department of Management Science and Engineering, Anhui University of Technology, Ma'anshan, China",Complex System Modeling and Simulation,"29 Jul 2021","2021","1","2","122","130","Reasonable evacuation strategies are important in reducing casualties in the event of a fire. In this work, we conduct a simulation of a fire evacuation of a large public building based on the building information modeling technology to find the best evacuation strategy. We identify the tolerance limit of evacuees in case of a fire as the basis of the simulation using the fire dynamics simulator software. The following four evacuation strategies are proposed and simulated: stratified evacuation only by stairs, stratified evacuation mainly by stairs and supplemented by fire elevators, holistic evacuation only by stairs, and holistic evacuation mainly by stairs and supplemented by fire elevators. The case study of a college canteen shows that if 10% of evacuees (mainly elderly people who walk slowly and children who take up less space) are instructed to evacuate via fire elevators and the other 90% of evacuees (young men and women who move fast) use the stairs, the evacuation time can be reduced to a minimum. Some improvements in the design drawing result in the enhanced efficiency of the proposed strategy. The findings of this work are of great significance for the optimization of the structural design of large public buildings and provide some references for emergency evacuation.","2097-3705","","10.23919/CSMS.2021.0012","National Natural Science Foundation of China(grant numbers:71872002); ","https://ieeexplore.ieee.org/stamp/stamp.jsp?arnumber=9502051","Building Information Modeling (BIM);evacuation simulation;stairs-elevators combined evacuation model","Simulation;Buildings;Senior citizens;Stairs;Elevators;Software;Complex systems","","14","","19","","29 Jul 2021","June 2021","","TUP","TUP Journals"
"Computer modeling and simulation of a townhouse fire dynamic field characteristics","C. -S. Lin; S. -C. Wang; T. -C. Chen","Yuan Ze University, Chung-Li, Taoyuan, TW; Department of Mechanical Engineering, Yuan Ze University, Taoyuan, Taiwan 32003, R.O.C; Department of Mechanical Engineering, Yuan Ze University, Taoyuan, Taiwan 32003, R.O.C",2012 IEEE Symposium on Electrical & Electronics Engineering (EEESYM),"6 Aug 2012","2012","","","113","116","Numerous building fires occurred in Taiwan over the past thirty years, which caused considerable loss in human life and damage to property. Actual fires provide valuable information for fire protection research. Computer simulations can be used to effectively model the fire and obtain useful and quantitative information to study the crucial fire dynamic characteristics. The FDS (Fire Dynamic Simulator) software was used to develop a computer simulation model to investigate the fire incident that occurred in a townhouse of An-Kon Village, Longtan, Taoyuan, Taiwan. The histories of the various crucial parameters, such as temperature, CO concentration, and smoke layer height during the fire time domain were obtained. Results were consistent with the post accident reports. The information calculated may be useful for future fire safety assessment and fire protection engineering evaluation of similar buildings.","","978-1-4673-2365-9","10.1109/EEESym.2012.6258601","","https://ieeexplore.ieee.org/stamp/stamp.jsp?arnumber=6258601","fire;computer simulation;FDS","Concrete;Fires;Floors;Communities;Image reconstruction;Lead;Heating","","4","","17","IEEE","6 Aug 2012","24-27 June 2012","24-27 June 2012","IEEE","IEEE Conferences"
"Convolutional Neural Network Aided Chemical Species Tomography for Dynamic Temperature Imaging","Y. Fu; R. Zhang; G. Enemali; A. Upadhyay; M. Lengden; C. Liu","School of Engineering, The University of Edinburgh, Edinburgh, UK; School of Engineering, The University of Edinburgh, Edinburgh, UK; School of Engineering, The University of Edinburgh, Edinburgh, UK; Department of Electronic and Electrical Engineering, The University of Strathclyde, Glasgow, UK; Department of Electronic and Electrical Engineering, The University of Strathclyde, Glasgow, UK; School of Engineering, The University of Edinburgh, Edinburgh, UK",2022 IEEE International Instrumentation and Measurement Technology Conference (I2MTC),"30 Jun 2022","2022","","","1","5","Chemical Species Tomography (CST) using Tunable Diode Laser Absorption Spectroscopy (TDLAS) is an in-situ technique to reconstruct the two-dimensional temperature distributions in combustion diagnosis. However, limited by the lack of projection data, traditionally computational tomographic algorithms are inherently rank-deficient, causing artefacts and severe uncertainty in the retrieved images. Recently, data-driven approaches, such as deep learning algorithms, have been validated to be more accurate and stable for CST. However, most attempts modelled the phantoms using two-dimensional Gaussian profiles to construct the training set, enabling reconstruction of only simple and static temperature fields and can seldom retrieve the dynamic and instantaneous temperature imaging. To address this problem, we use Fire Dynamics Simulator (FDS) to simulate the dynamic and fire-driven reacting flows for training set construction. Based on this training set, a Convolutional Neural Network (CNN) is designed. This newly introduced method is validated by numerical simulation, indicating good accuracy and sensitivity in monitoring dynamic flames.","2642-2077","978-1-6654-8360-5","10.1109/I2MTC48687.2022.9806699","","https://ieeexplore.ieee.org/stamp/stamp.jsp?arnumber=9806699","Dynamic;temperature imaging;Convolutional Neural Network (CNN);Tunable Diode Laser Absorption Spectroscopy (TDLAS);Chemical Species Tomography","Training;Temperature sensors;Temperature measurement;Temperature distribution;Absorption;Heuristic algorithms;Furnaces","","5","","22","IEEE","30 Jun 2022","16-19 May 2022","16-19 May 2022","IEEE","IEEE Conferences"
"Research on public building fire risk assessment control model","W. Yayun; W. Jia","Beijing University of Civil Engineering and Architecture, Beijing, China; Beijing University of Civil Engineering and Architecture, Beijing, China",2016 Chinese Control and Decision Conference (CCDC),"8 Aug 2016","2016","","","3640","3645","Large space, multi-function, crowded public buildings are increasing. In case of fire, it will cause enormous casualties and property losses, so the fire control management plays an important role in the fine management of city. And the building fire risk assessment is an effective means of fire management. This article is aimed at analyzing the particularity of fire risk factors of public buildings in operational stage, and establishing the index system of fire risk assessment. This paper illustrates the fire scenario and the personnel evacuation simulation using the model of university teaching building through FDS and Pathfinder, studies about the impact on the level of building fire risk as the fire factors changing. This paper establishes the fire risk assessment model based on SVM theory, and gets a better precision in case of the small sample size, providing a new method and scientific basis for the fire risk assessment of the public buildings.","1948-9447","978-1-4673-9714-8","10.1109/CCDC.2016.7531615","","https://ieeexplore.ieee.org/stamp/stamp.jsp?arnumber=7531615","Fire control management;Fire risk assessment;Index system;Support vector machine","Fires;Buildings;Risk management;Support vector machines;Indexes;Mathematical model","","2","","11","IEEE","8 Aug 2016","28-30 May 2016","28-30 May 2016","IEEE","IEEE Conferences"
"Simulation Experiment Teaching for Airport Fire Escape based on Virtual Reality and Artificial Intelligence Technology","J. Li; X. Mei; J. Wang; B. Xie; Y. Xu","College of Geoscience and Surveying Engineering, China University of Mining & Technology, Beijing, China; College of Geoscience and Surveying Engineering, China University of Mining & Technology, Beijing, China; College of Geoscience and Surveying Engineering, China University of Mining & Technology, Beijing, China; School of Emergency Management and Safety Engineering, China University of Mining & Technology, Beijing, China; China Academy of Civil Aviation Science and Technology, Beijing, China",2020 IEEE 2nd International Conference on Civil Aviation Safety and Information Technology (ICCASIT,"9 Mar 2021","2020","","","1014","1017","This paper proposes a simulation experiment teaching framework for airport fire escape based on virtual reality and artificial intelligence (AI) technology. It uses virtual reality technology and fire science theory to realize the construction of virtual fire scene and management of firefighting facilities, simulates fire dynamics with the help of fire dynamics simulator, and finally evaluates the quality of fire escape based on AI technology. Two example cases demonstrate that the system works well and has promising to become a new teaching mode for fire drill in civil aviation airports.","","978-1-7281-9948-1","10.1109/ICCASIT50869.2020.9368740","","https://ieeexplore.ieee.org/stamp/stamp.jsp?arnumber=9368740","airport emergency;fire escape;simulation experiment teaching;virtual reality;AI technology","Solid modeling;Atmospheric modeling;Education;Virtual reality;Airports;Data models;Artificial intelligence","","10","","13","IEEE","9 Mar 2021","14-16 Oct. 2020","14-16 Oct. 2020","IEEE","IEEE Conferences"
"Research on a VR Multiplayer Collaborative Fire Disaster Simulation Training System Based on FDS","W. Song; X. Feng; P. Tao; Q. Jiang; Y. Zhang","Tianjin Key Laboratory of Fire Safety Technology, Tianjin Fire Science and Technology, Research Institute of MEM, Tianjin, China; Tianjin Key Laboratory of Fire Safety Technology, Tianjin Fire Science and Technology, Research Institute of MEM, Tianjin, China; Tianjin Key Laboratory of Fire Safety Technology, Tianjin Fire Science and Technology, Research Institute of MEM, Tianjin, China; Tianjin Key Laboratory of Fire Safety Technology, Tianjin Fire Science and Technology, Research Institute of MEM, Tianjin, China; Tianjin Key Laboratory of Fire Safety Technology, Tianjin Fire Science and Technology, Research Institute of MEM, Tianjin, China",2025 IEEE 26th China Conference on System Simulation Technology and its Applications (CCSSTA),"5 Sep 2025","2025","","","599","604","In response to the issues in virtual reality (VR) disaster scenario design, such as inconsistency with fluid mechanics principles and insufficient multiplayer collaboration, this paper employs Fire Dynamics Simulation (FDS) analysis. By integrating quantitative parameters, including temperature and smoke diffusion data, into VR scenarios, we construct disaster environments that adhere to mechanical laws. Utilizing a mechanism of frame and time synchronization, we established a multi-level and multiplayer collaborative training system with a client-server architecture. A dynamic evaluation system, encompassing various dimensions such as operational steps and action accuracy, has been proposed to achieve a comprehensive assessment of training effects through data collection. This research has realized the deep integration of digital information with fire emergency drills. The constructed virtual scenarios can truly present the development process of fire. The developed collaborative training and evaluation system provides effective solutions for digital training in fire rescue, which is of great significance for improving the tactical level and practical combat capabilities of fire rescue operations.","","979-8-3315-4404-1","10.1109/IEEECONF65522.2025.11136864","","https://ieeexplore.ieee.org/stamp/stamp.jsp?arnumber=11136864","fire dynamics simulation;virtual reality;fire disaster;simulation training;multiplayer collaboration","Training;Temperature distribution;Disasters;Fluid dynamics;Collaboration;Virtual reality;Systems simulation;Synchronization;Digital information;Videos","","","","6","IEEE","5 Sep 2025","11-13 July 2025","11-13 July 2025","IEEE","IEEE Conferences"
"Simulation and experiments of fire for transport aircraft cabin environment control system","Z. Hu; Y. Gao; L. Zhang","School of Energy and Power Engineering, University of Shanghai for Science and Technology, Shanghai, China; School of Energy and Power Engineering, University of Shanghai for Science and Technology, Shanghai, China; School of Energy and Power Engineering, University of Shanghai for Science and Technology, Shanghai, China",2018 Chinese Control And Decision Conference (CCDC),"9 Jul 2018","2018","","","5115","5119","As one of main reason that caused the accident of aircraft, the fire on the plane will be extremely serious, which has been attracted more attention. More and more scholars have carried out deep research on cabin fire. In this paper, the Computational Fluid Dynamics (CFD) fire-field model based FDS (Fire Dynamics Simulator) was used to simulate changes of the cabin environment control system, and the results were compared with the observation temperature data. The results showed that the experimental temperature transformation was in accordance with the FDS simulation results. And for cabin fire risk assessment had a certain practical reference value. FDS simulation could be implemented when experiment was restricted, and this provided real and effective data for the development of fire in the cargo cabin for aircraft. According to the research in this article, we could get a better understanding of the aircraft cabin fire situation. This would make it better to deal with fire and manage energy better.","1948-9447","978-1-5386-1244-6","10.1109/CCDC.2018.8408018","","https://ieeexplore.ieee.org/stamp/stamp.jsp?arnumber=8408018","Fire;Model Experiment;Temperature Profile;FDS","Fires;Temperature measurement;Mathematical model;Atmospheric modeling;Computational modeling;Aircraft;Heating systems","","1","","22","IEEE","9 Jul 2018","9-11 June 2018","9-11 June 2018","IEEE","IEEE Conferences"
"Early fire prevention in the plant","G. F. Malykhina; A. I. Guseva; A. V. Militsyn","Peter the Great St. Petersburg Polytechnic University St. Petersburg, Russian Federation; Peter the Great St. Petersburg Polytechnic University St. Petersburg, Russian Federation; Peter the Great St. Petersburg Polytechnic University St. Petersburg, Russian Federation","2017 International Conference on Industrial Engineering, Applications and Manufacturing (ICIEAM)","23 Oct 2017","2017","","","1","4","In this survey, the architecture of a wireless multisensory early fire warning system at the plant was proposed. The wireless sensor network system allows one to rapidly implement the system deployment and to easily reconfigure its topology in the enterprise premises. The difference between the proposed and the existing fire systems is the applying of sensors instead of detectors. The proposed system employs temperature sensors, gas concentration, and visibility sensors. The adaptive method based on a multilayer perceptron for the processing of measurement results in a multi-sensor system was proposed. This method allows one to adapt the system in compliance with the topology, and to detect not only a fact but also the position of the fire source. Fire detection is based on the prediction model of sensor signals. The developed methods and software have been verified on the fire model basis. Fire simulation in the enterprise premises was carried out inside the “Polytechnic” Supercomputer Center using the Fire Dynamics Simulator.","","978-1-5090-5648-4","10.1109/ICIEAM.2017.8076375","","https://ieeexplore.ieee.org/stamp/stamp.jsp?arnumber=8076375","fire detection;modeling fire;supercomputer;decision-making system","Fires;Computational modeling;Temperature sensors;Sensor systems;Mathematical model;Predictive models","","7","","22","IEEE","23 Oct 2017","16-19 May 2017","16-19 May 2017","IEEE","IEEE Conferences"
"Analytical Studies of Refractive Index Variation in Pine Needles Media under Wildfire Conditions","S. Faria; M. Vala; P. Coimbra; J. Felício; N. Leonor; C. Fernandes; C. Salema; R. Caldeirinha","Instituto de Telecomunicações, Leiria, Portugal; Instituto de Telecomunicações, Leiria, Portugal; Instituto de Telecomunicações, Leiria, Portugal; Instituto de Telecomunicações, Leiria, Portugal; Instituto de Telecomunicações, Leiria, Portugal; Instituto de Telecomunicações, Leiria, Portugal; Instituto de Telecomunicações, Leiria, Portugal; Instituto de Telecomunicações, Leiria, Portugal",2021 15th European Conference on Antennas and Propagation (EuCAP),"27 Apr 2021","2021","","","1","5","In this paper, a range of refractive indexes found in simulations of fire scenarios, considering the Cold Plasma Model, is explored. The Fire Dynamics Simulator (FDS) was used to model a Pinus Pinaster fuel bed burning in a linear burner. The effects of maximum and minimum refractive index values were analysed using the Finite-Difference Time-Domain (FDTD) method, aiming to understand how electric characteristics of a plasma may affect the electromagnetic wave propagation. Results clearly indicate the need to further investigate the propagation phenomena under wildfire conditions.","","978-88-31299-02-2","10.23919/EuCAP51087.2021.9411452","Foundation for Science and Technology; ","https://ieeexplore.ieee.org/stamp/stamp.jsp?arnumber=9411452","Electromagnetic waves;propagation;wildfires;FDS","Refractive index;Fires;Europe;Dielectric loss measurement;Propagation losses;Plasmas;Fuels","","2","","12","","27 Apr 2021","22-26 March 2021","22-26 March 2021","IEEE","IEEE Conferences"
"Study on the Influence of Fire Source Parameters on Smoke and Temperature Distribution in Tunnel Fire","X. Zhang; X. Li; X. Liu","Research Institute of Highway Ministry of Transport, Beijing, China; Research Institute of Highway Ministry of Transport, Beijing, China; CCCC Second Highway Survey, Design and Research Institute Co.,Ltd, Wuhan, China",2024 IEEE 2nd International Conference on Image Processing and Computer Applications (ICIPCA),"15 Oct 2024","2024","","","79","82","In order to explore the influence of fire source parameters on the temperature and distribution of fire smoke in tunnel, the fire dynamics software FDS was used to establish the tunnel fire combustion model. The smoke and temperature distribution of tunnel fire under the coupling effect of fire source parameters (fire source scale, fire source area, fire source height) was numerically simulated. The results show that: ①With the increase of fire source scale, the maximum temperature increases and the maximum temperature increases slowly, while the maximum temperature decreases rapidly along the longitudinal arch; ② Under the same fire scale, with the increase of the fire source area, the maximum temperature of the vault and the visibility at the height of the human eye feature within 100m above the fire source decrease; ③ With the increase of the height of the fire source, the maximum temperature of the vault within 50m from the fire source increases obviously, and the time to reach the maximum temperature is about fast.","","979-8-3503-6024-0","10.1109/ICIPCA61593.2024.10709307","","https://ieeexplore.ieee.org/stamp/stamp.jsp?arnumber=10709307","tunnel fire;fire area;fire height;the temperature distribution","Couplings;Temperature distribution;Image processing;Computer applications;Combustion;Software;Numerical models","","3","","12","IEEE","15 Oct 2024","28-30 June 2024","28-30 June 2024","IEEE","IEEE Conferences"
"Numerical Estimation of Environmental Wind Effect on Smoke Evolution in a 10-storey Building","D. Wang; C. Zhai; J. Gong","College of Safety Science and Engineering, Nanjing Tech University, Nanjing, China; Department of Information Technology, Nanjing Forest Police College, Nanjing, China; College of Safety Science and Engineering, Nanjing Tech University, Nanjing, China",2019 9th International Conference on Fire Science and Fire Protection Engineering (ICFSFPE),"6 Apr 2020","2019","","","1","7","This contribution addresses the influence of environmental wind on the smoke propagation process in a 10-storey apartment through a Computational Fluid Dynamics (CFD) simulator, Fire Dynamics Simulator (FDS). A 6 MW fire source is prescribed in a compartment on the first floor with the window confronting the incoming air flow. Windward and leeward wind conditions are designed to examine the influential aspects of wind. Two parallel stairwells separated by a corridor are located at the center of the apartment and allow the smoke to spread to the upper floors. Several important parameters featuring the smoke propagation characteristics, including the smoke temperature, CO concentration and visibility in fire compartment, corridor, stairwells and upper layers, are recorded by the preset monitoring points and snapshots of the simulation results. An analytical model is employed to estimate the break time of window at 380 °C tolerance temperature, which is utilized subsequently in the numerical simulations to determine the onset of wind intervention. The results show that the leeward condition has negligible effect on the smoke evolution in the computation domain compared with the results of no-wind cases. However, in windward conditions the wind velocity has significant influence on the interested parameters and little smoke flows out form the broken window. The smoke spread rate and visibility inside the building are positively and negatively correlated with the wind velocity, respectively. The wind velocity affects the smoke temperature slightly, but greatly affects the temperature in the corridor, the opposite room and stairwell. The smoke spread in stairwell takes less than 1 minute due to the strong buoyancy, suggesting sever hazard in practical accident. The CO concentrations in all the cases shows similar trend to that of smoke temperature at each monitoring points, and the CO concentration level is much higher than the critical value for human safety, 500 ppm.","","978-1-7281-5322-3","10.1109/ICFSFPE48751.2019.9055824","","https://ieeexplore.ieee.org/stamp/stamp.jsp?arnumber=9055824","high-rise building;FDS;environmental wind;smoke temperature;CO concentration","","","1","","18","IEEE","6 Apr 2020","18-20 Oct. 2019","18-20 Oct. 2019","IEEE","IEEE Conferences"
"Evacuation of the population from the building taking into account the capacity of staircrossings","A. Burgegulov; T. Mazakov; A. Mazakova; S. Jomartova; M. Aliaskar; N. Issimov","Department of Artificial Intelligence and Big Data, al-Farabi Kazakh National University, Almaty, Kazakhstan; Department of Artificial Intelligence and Big Data, al-Farabi Kazakh National University, Almaty, Kazakhstan; Department of Artificial Intelligence and Big Data, al-Farabi Kazakh National University, Almaty, Kazakhstan; Department of Artificial Intelligence and Big Data, al-Farabi Kazakh National University, Almaty, Kazakhstan; Department of Smart Tachnologies in Engineering, International Engineering and Technology University, Almaty, Kazakhstan; Department of Smart Tachnologies in Engineering, International Engineering and Technology University, Almaty, Kazakhstan",2025 IEEE 5th International Conference on Smart Information Systems and Technologies (SIST),"1 Sep 2025","2025","","","1","5","The article is devoted to the development of an algorithm for constructing routes for evacuating people from a building in the event of an emergency (fire). The proposed algorithm is used as a mathematical model of an intelligent fire safety system and is implemented in Python. The effectiveness of the fire monitoring system proposed by the authors is demonstrated on a model problem.The developed algorithm for constructing optimal evacuation routes is based on solving a number of transport problems, is universal and can be quickly adapted to practical requirements for ensuring prompt and safe exit of people from a building. The article presents the results of numerical calculations and assesses the further prospects for the development of such systems.The algorithms presented in the work can be used to construct evacuation routes in the event of emergency situations of various nature (floods, earthquakes, etc.) in order to prevent or reduce the consequences of disasters.","","979-8-3315-1514-0","10.1109/SIST61657.2025.11139154","","https://ieeexplore.ieee.org/stamp/stamp.jsp?arnumber=11139154","intelligent fire safety system;transport task;fire;emergency;evacuation routes","Adaptation models;Protocols;Smart cities;Buildings;Mathematical models;Real-time systems;Security;Protection;Predictive analytics;Fire safety","","","","23","IEEE","1 Sep 2025","14-16 May 2025","14-16 May 2025","IEEE","IEEE Conferences"
"Fire zone/field model performance based investigation in fire flashover phenomenon","C. Yu; S. Wang; C. Lin; K. Chou; C. Lai; T. Chen","Department of Mechanical Engineering, Yuan Ze University, Taoyuan, Taiwan; Department of Mechanical Engineering, Yuan Ze University, Taoyuan, Taiwan; Department of Mechanical Engineering, Yuan Ze University, Taoyuan, Taiwan; Department of Mechanical Engineering, Yuan Ze University, Taoyuan, Taiwan; Department of Mechanical Engineering, Yuan Ze University, Taoyuan, Taiwan; Department of Mechanical Engineering, Yuan Ze University, Taoyuan, Taiwan","2012 2nd International Conference on Consumer Electronics, Communications and Networks (CECNet)","17 May 2012","2012","","","3258","3261","Flashover is a crucial phenomenon in which all indoor combustibles ignite nearly simultaneously in building fires. Flashover prediction and understanding are vital in building fire protection engineering. Current fire simulation software is unable to accurately estimate the flashover-induced time. This study developed an improved mathematical zone model for analyzing flashover during a building fire with crucial parameters, including heat release rate, wall thermal inertia, and smoke layer height, which was combined with FDS (Fire Dynamic Simulator) field model software to analyze a park lodging bedroom fire experiment from the NIST (National Institute of Standard Technology). The effects of fire intensity and heat pyrolysis for burning objects on the fire characteristics were studied and used to predict the flashover-induced time.","","978-1-4577-1415-3","10.1109/CECNet.2012.6201918","","https://ieeexplore.ieee.org/stamp/stamp.jsp?arnumber=6201918","fire;zone model;field model;flashover;FDS","Fires;Flashover;Numerical models;Heating;Software;Ignition;Analytical models","","","","8","IEEE","17 May 2012","21-23 April 2012","21-23 April 2012","IEEE","IEEE Conferences"
"Research on Rapid Prediction of Disaster Factors in Mine Tunnel Fires Based on WOA-BP","K. Shi; L. Liu; X. Liu; Y. Wang","College of Safety Science and Engineering, Liaoning Technical University, Huludao, Liaoning, China; College of Safety Science and Engineering, Liaoning Technical University, Huludao, Liaoning, China; College of Safety Science and Engineering, Liaoning Technical University, Huludao, Liaoning, China; College of Safety Science and Engineering, Liaoning Technical University, Huludao, Liaoning, China",2025 6th International Conference on Computer Engineering and Application (ICCEA),"13 Aug 2025","2025","","","404","415","To achieve rapid prediction of fire disaster factors such as temperature, visibility, and CO concentration in mine roadways during a fire, a rapid prediction model for mine roadway fire disaster factors based on the Whale Optimization Algorithm combined with Backpropagation Neural Network (WOA-BP) is proposed using numerical simulation with Fire Dynamics Simulator (FDS). A single rectangular roadway was selected as the research object, and a dataset was established through FDS numerical simulation for training and testing the BP neural network. The WOA was then integrated to optimize the prediction of fire disaster factors in mine roadways. The prediction performance and error characteristics of the WOA-BP model and the BP neural network model were compared and analyzed. The results indicate that the WOA-BP model can instantaneously simulate mine roadway fires under various conditions and rapidly and reliably predict the temperature, visibility, and CO concentration throughout the entire space and time domain of the roadway during a fire event. Compared with the BP neural network model, the WOA-BP model achieved an average reduction of 9.4, 2.1, and 1.12 in Symmetric Mean Absolute Percentage Error (SMAPE), Root Mean Square Error (RMSE), and Mean Absolute Error (MAE), respectively, and an average increase of 13.49% in the coefficient of determination ($\mathbf{R}^{\mathbf{2}}$).","2159-1288","979-8-3315-4330-3","10.1109/ICCEA65460.2025.11102462","","https://ieeexplore.ieee.org/stamp/stamp.jsp?arnumber=11102462","Mine fire;WOA-BP;Disaster factors;Rapid prediction;FDS","Temperature;Disasters;Neural networks;Predictive models;Prediction algorithms;Numerical simulation;Whale optimization algorithms;Numerical models;Reliability;Time-domain analysis","","","","18","IEEE","13 Aug 2025","25-27 April 2025","25-27 April 2025","IEEE","IEEE Conferences"
"Simulation-Based Quantitative Risk Assessment of Fire in Urban Electrical Cable Tunnels","H. Fang; J. Zhang; D. Huang; S. Lu; S. M. Lo","Department of Architecture and Civil Engineering, City University of Hong Kong, Hong Kong, China; State Grid Anhui Electric Power, Research Institute, Hefei, China; Department of Architecture and Civil Engineering, City University of Hong Kong, Hong Kong, China; State Key Laboratory of Fire Science, University of Science and Technology of China, Hefei, China; Department of Architecture and Civil Engineering, City University of Hong Kong, Hong Kong, China",2019 9th International Conference on Fire Science and Fire Protection Engineering (ICFSFPE),"6 Apr 2020","2019","","","1","9","Fire safety is one of the most important parts in the safety management of urban electrical cable tunnels. Therefore, a new approach for quantitative risk assessment of fire in cable tunnels is proposed in this study. The approach integrates both the deterministic and the probabilistic analysis by incorporating a Monte Carlo based fire simulation simulated under the CFD code–fire dynamics simulator (FDS)–into an event tree model, which enables the fire development and the uncertainty existed in the fire progression process to be handled in the assessment. In order to validate the availability of this approach, a case study is also carried out in this paper. Through the analysis of fire risk using this approach, the fire risk can be quantified more accurately, and further analysis of the performance of different fire safety measures is also able to be conducted.","","978-1-7281-5322-3","10.1109/ICFSFPE48751.2019.9055884","","https://ieeexplore.ieee.org/stamp/stamp.jsp?arnumber=9055884","Fire;Urban cable tunnel;Quantitative risk assessment;Uncertainty;FDS","Heating systems;Uncertainty;Monte Carlo methods;Accuracy;Safety management;Probabilistic logic;Numerical simulation;Risk management;Protection;Fire safety","","2","","23","IEEE","6 Apr 2020","18-20 Oct. 2019","18-20 Oct. 2019","IEEE","IEEE Conferences"
"Research of Temperature Prediction in Steel Cabin Fire with Large Eddy Simulation and Experiment","X. Zhu; C. Zhong; Z. Yang",NA; NA; NA,2011 International Conference on Computational and Information Sciences,"28 Nov 2011","2011","","","889","892","The ship cabin fire is different from other types of fire because the surrounding bulkheads of cabin are usually made of steel which is a good conductor of heat. Lots of heat produced by the fire would conduct from the steel bulkhead to other cabins. The hot bulkhead would also heat up the air in the cabin with radiation and convection. Investigating the law of temperature rising in the steel cabin during the fire would have an important meaning to guide the fireproofing design of the cabin. This paper uses the fire simulation software FDS (Fire Dynamics Simulator) which has a Large Eddy Simulation turbulence model to simulate a full scale cabin fire experiment designed by U.S. Coast Guard. FDS would predict accurate temperature distribution in the middle and top domain of the cabin. The cold layer temperature which affected by the incoming air predicted by FDS is not so good.","","978-1-4577-1540-2","10.1109/ICCIS.2011.216","","https://ieeexplore.ieee.org/stamp/stamp.jsp?arnumber=6086343","fire simulation;model validation;pool fire;full scale experiment","Fires;Temperature distribution;Steel;Heating;Combustion;Atmospheric modeling;Marine vehicles","","2","","7","IEEE","28 Nov 2011","21-23 Oct. 2011","21-23 Oct. 2011","IEEE","IEEE Conferences"
"Research on the Blocking Effect of Ship Fires in Large Ship Navigation Tunnels","M. Li; Y. Liu; J. Deng; J. Zhang","Wuhan University of Technology, Wuhan, China; CCCC Water Transportation Consultants Co, Ltd., Beijing, China; Wuhan University of Technology of Inland Shipping Technology, Wuhan, China; National Key Laboratory of Waterway Traffic Control, Wuhan University of Technology, Wuhan, China",2025 8th International Conference on Transportation Information and Safety (ICTIS),"31 Oct 2025","2025","","","1860","1865","As an emerging category of maritime infrastructure, navigable tunnels remain underexplored in domestic research concerning vessel congestion emergencies. This investigation centers on the Baihetan Navigation Tunnel, specifically examining fire-induced obstruction phenomena. Leveraging FDS computational modeling and Pyrosim simulations, we constructed fire dynamics models for tunnel-vessel configurations and formulated a comparative simulation framework across varying obstruction ratios. Our experimental analysis quantifies the impact of differential obstruction levels on critical environmental parameters: ventilation efficiency, aerosol dispersion patterns, thermal stratification, toxic gas accumulation, and visual accessibility thresholds. The resultant data establishes a scientific foundation for optimizing fire suppression protocols and emergency management systems in inland waterway tunnel operations.","2832-899X","979-8-3315-9248-6","10.1109/ICTIS68762.2025.11214838","National Natural Science Foundation of China; National Natural Science Foundation of China; Innovation Fund; ","https://ieeexplore.ieee.org/stamp/stamp.jsp?arnumber=11214838","Navigation tunnel;Fire accident;Numerical simulation;Tunnel blockage","Visualization;Analytical models;Navigation;Computational modeling;Heuristic algorithms;Aerodynamics;Ventilation;Real-time systems;Combustion;Marine vehicles","","","","24","IEEE","31 Oct 2025","16-19 July 2025","16-19 July 2025","IEEE","IEEE Conferences"
"MULTI-AGENT BASED SIMULATION OF ELDERLY EGRESS PROCESS AND FALL ACCIDENT IN SENIOR APARTMENT BUILDINGS","X. Du; Y. Chen; A. Bouferguene; M. Al-Hussein","Department of Civil and Environmental Engineering, University of Alberta, Edmonton, CANADA; Department of Civil and Environmental Engineering, University of Alberta, Edmonton, CANADA; Department of Civil and Environmental Engineering, University of Alberta, Edmonton, CANADA; Department of Civil and Environmental Engineering, University of Alberta, Edmonton, CANADA",2018 Winter Simulation Conference (WSC),"3 Feb 2019","2018","","","929","940","A means of egress from buildings is a critical aspect of building design and an important part of building fire regulations. However, elderly evacuees are often overlooked, being regarded as part of the average population, thereby ignoring the limitations elderly people may have. The computational egress model is a useful tool to evaluate postulated ""what-if"" scenarios, aiming to predict building egress performance under these designated scenarios. This paper first applies Multi-agent Based Simulation (MABS) supported by NetLogo to simulate the evacuation scenarios where evacuees are all elderly people, then statistical analysis is utilized to interpret results, and comparative analysis is conducted to offer some suggestions for egress design and crowd management.","1558-4305","978-1-5386-6572-5","10.1109/WSC.2018.8632401","","https://ieeexplore.ieee.org/stamp/stamp.jsp?arnumber=8632401","","Buildings;Senior citizens;Mathematical model;Statistics;Legged locomotion;Safety","","4","","18","IEEE","3 Feb 2019","9-12 Dec. 2018","9-12 Dec. 2018","IEEE","IEEE Conferences"
"Effects of Ventilation and Fire Power on Bulkhead Damage by Temperature Simulation Model and Experiment Analysis","X. Zhu; C. Zhong; Z. Yang","Department of Naval Architecture and Ocean Engineering, Naval University of Engineering, Wuhan, Hubei, China; Department of Naval Architecture and Ocean Engineering, Naval University of Engineering, Wuhan, Hubei, China; Department of Naval Architecture and Ocean Engineering, Naval University of Engineering, Wuhan, Hubei, China",2012 Sixth International Conference on Internet Computing for Science and Engineering,"16 Jul 2012","2012","","","70","75","Since the thermal conductivity of steel is very high, the high temperature distribution in many scenarios may cause the structure easy to be damaged in terms of performance of ship cabin. Steel is the main constituent material structure of the ship while the long time heating during the fires will result in declining the structure performance of the cabin. Study how to remain or reduce averaged bulkhead temperature becomes an important task in either structure performance design or fireproof optimization. This paper uses FDS (Fire Dynamics Simulator) which has a large eddy simulation turbulence model to do the simulation on full-scale fire tests of ship under different ventilation conditions. The results show that the HRR (Heat Release Rate) is not proportional to the ventilation area. The error between FDS simulation and experiment are close within 25%.","2330-9857","978-0-7695-4705-3","10.1109/ICICSE.2012.22","","https://ieeexplore.ieee.org/stamp/stamp.jsp?arnumber=6239722","fire simulation;bulkhead;pool fire;full scale experiment","Fires;Ventilation;Steel;Heating;Marine vehicles;Combustion;Mathematical model","","2","","10","IEEE","16 Jul 2012","21-23 April 2012","21-23 April 2012","IEEE","IEEE Conferences"
"Multi agent simulation of pedestrian behavior in closed spatial environments","F. Camillen; S. Caprì; C. Garofalo; M. Ignaccolo; G. Inturri; A. Pluchino; A. Rapisarda; S. Tudisco","Universita Catania, Italy; Universita Catania, Italy; Universita Catania, Italy; Universita Catania, Italy; Universita Catania, Italy; Universita Catania, Italy; Universita Catania, Italy; Universita Catania, Italy",2009 IEEE Toronto International Conference Science and Technology for Humanity (TIC-STH),"8 Apr 2010","2009","","","375","380","Agent-based simulations show their potential in many context of transport management in presence of unusual demand, such as airport passenger terminals, railway stations, urban pedestrian areas, public buildings, street events or open space exhibitions, where management or control by related authorities and public safety are strongly affected by spatial geometry and crowd behavior. We illustrate these ideas with an example based on the simulation of people visiting and evacuating a museum, which offers an excellent test environment for simulating a collective behavior emerging from local movements in a closed space. The model we apply is developed within a programmable modeling environment, NetLogo, designed for simulating time-evolution of complex systems. We verify the existing emergency plan for building evacuation, for different demand patterns such as visiting group size and inter-arrival times, and we compare it with alternative evacuation strategies looking for the optimal one. In this respect, we further demonstrate the effectiveness of agent-based simulations in finding emergent results difficult to be predicted.","","978-1-4244-3877-8","10.1109/TIC-STH.2009.5444471","","https://ieeexplore.ieee.org/stamp/stamp.jsp?arnumber=5444471","Intelligent agents;Pedestrian modelling;Crowd safety;Simulation;Spatial interaction;NetLogo","Railway safety;Solid modeling;Context modeling;Discrete event simulation;Airports;Rail transportation;Space stations;Air safety;Geometry;Testing","","17","","17","IEEE","8 Apr 2010","26-27 Sept. 2009","26-27 Sept. 2009","IEEE","IEEE Conferences"
"Novel Smoke-Aware Individual Evacuation and Congestion-Aware Group Evacuation Algorithms in IoT-Enabled Multi-Story Multi-Exit Buildings","H. -H. Yen; C. -H. Lin; H. -W. Tsao","Department of Information Management, Shih Hsin University, Taipei, Taiwan; Department of Information Management, Shih Hsin University, Taipei, Taiwan; Department of Information Management, Shih Hsin University, Taipei, Taiwan",IEEE Access,"18 Nov 2022","2022","10","","119402","119418","Because of toxic gases and fast propagation speed, smoke causes the major injuries and deaths than burns in the fire. Deploying IoT enabled smoke sensors not only help to sense, collect, and transmit the smoke data to the control station, but also enable a dynamic and real-time evacuation approach to increase the evacuation success probability. In this paper, two smoke-aware evacuation approaches are proposed. The individual evacuation mathematical model and the associated SIEP algorithm are first devised to identify a fastest smoke toxic safe evacuation path for an evacuee. Next, the group evacuation mathematical model and the associated SGEP algorithm are devised to evacuate as many evacuees as possible in considering the smoke toxicity and flow congestion along the evacuation routes. SGEP circumvents the congestion problem by scheduling the evacuation sequence according to evacuee’s accumulated smoke toxicity value, where higher accumulated smoke toxicity value has higher evacuation priority to prevent incapacitation at evacuation. The FDS simulations based on the real layout of Taipei 101 mall are performed to compare the evacuation success probability between SIEP and SGEP at methane fire and PVC fire. The simulation results show that smoke from PVC fire is more toxic than that of methane fire. In addition, enabling sprinklers can reduce the percentage of toxic nodes up to 41% at methane fire and up to 10% at PCV fire, as compared to not enabling them. These results indicate that it is more challenging to evacuate at PVC fire than at methane fire. The simulation results in SGEP and SIEP justify the above conclusions where the success evacuation probability differences between methane fire and PVC fire are up to 39% (i.e., 100% and 61%) and 52.5% (i.e., 82.5% and 30%) for SGEP and SIEP, respectively. The simulation results also show that SGEP outperforms SIEP in terms of evacuation success probability at all simulation settings, especially when large number of evacuees are to be evacuated. At methane fire, the largest evacuation success probability difference between SGEP and SIEP is 68.1% at 1000 evacuees, 0.3 FED threshold and without sprinklers. At PVC fire, the largest difference is 50% at 1000 evacuees, 0.5 FED threshold and with sprinklers. These significant differences in evacuation success probability come from the evacuation congestion in SIEP. The evacuation scheduling approach based on accumulated smoke toxicity policy enables SGEP to circumvent the evacuation congestion, and to get better evacuation success probability. Besides identifying safe evacuation route and evacuation scheduling policy during congestion to evacuate more evacuees, another contribution of this paper is to identify the critical percentage of toxic nodes for safe fire evacuation and rescue operations.","2169-3536","","10.1109/ACCESS.2022.3221757","National Science and Technology Council(grant numbers:MOST 111-2410-H-128-007-MY2); Ministry of Education in Taiwan(grant numbers:PBM1090725); ","https://ieeexplore.ieee.org/stamp/stamp.jsp?arnumber=9947025","Individual evacuation;group evacuation;evacuation congestion;smoke sensors;fire evacuation planning and optimization","Fires;Temperature sensors;Heating systems;Gases;Toxicology;Escalators;Methane;Mathematical models;Heuristic algorithms;Real-time systems;Hazardous areas;Emergency services;Smoke detectors;Safety","","12","","52","CCBY","14 Nov 2022","2022","","IEEE","IEEE Journals"
"Multi-Factor Modeling and Simulation of Firefighting Aircraft in Wildfire Flight Environment","H. Wang; J. Chen; C. Zhang","Labs of Avionics, School of Aerospace Engineering, Tsinghua University, Beijing, China; Labs of Avionics, School of Aerospace Engineering, Tsinghua University, Beijing, China; Labs of Avionics, School of Aerospace Engineering, Tsinghua University, Beijing, China",2025 AIAA DATC/IEEE 44th Digital Avionics Systems Conference (DASC),"2 Dec 2025","2025","","","1","8","Wildfires are complex events that arise from the interaction between the atmosphere and vegetation, with changing wind patterns posing significant challenges for aerial firefighting aircraft (FFA). This study presents a novel framework that integrates wildfire dynamics with flight simulation systems to examine aerodynamic characteristics under fire-induced turbulence. A multi-factor wildfire model was developed using FDS/PyroSim software, incorporating diverse geospatial and meteorological data, including satellite imagery, digital elevation maps, landuse classifications, and profiles of wind speed and direction. The methodology provides a means of modeling and simulating fireinduced wind fields on a large scale for a specific location and time, providing wind field simulation data for flight simulation device (FSD). The simulated fire-induced wind turbulence was dynamically integrated into a Level-D FSD, a real-time simulation platform, to assess the aerodynamic response of a typical fixedwing FFA during aerial rescue operations. The results indicate that additional pilot control inputs are necessary to maintain pitch stabilization in turbulent conditions. Future work will leverage the integrated FSD-based simulation system to enable scenario-based crew training for fire suppression tactics and to facilitate airborne system verification through pilot-in-loop testing.","2155-7209","979-8-3315-2519-4","10.1109/DASC66011.2025.11257312","","https://ieeexplore.ieee.org/stamp/stamp.jsp?arnumber=11257312","wildfire-flight dynamics;fire-induced turbulence;aerial firefighting simulation;flight simulation device;crew training","Training;Wildfires;System verification;Atmospheric modeling;Wind speed;Aerospace simulation;Aerodynamics;Data models;Aircraft;Testing","","","","25","IEEE","2 Dec 2025","14-18 Sept. 2025","14-18 Sept. 2025","IEEE","IEEE Conferences"
"Using a CFD Simulation in Designing a Smoke Management System in a Building","G. Hadjisophocleous; Y. J. Ko","Department of Civil and Environmental Engineering, Carleton University, Ottawa, ONT, Canada; Department of Civil and Environmental Engineering, Carleton University, Ottawa, ONT, Canada",Proceedings of the 2006 Winter Simulation Conference,"5 Mar 2007","2006","","","2071","2076","This paper presents a study on the effectiveness of a smoke exhaust system in a complex building using the computational fluid dynamics (CFD) models. The CFD model FDS (fire dynamics simulator) was used for this study. To simulate fires in the building a design fire was selected to represent the fire loads expected in the lobby area. Smoke movement from the origin of fire in the lobby and smoke contamination in the interconnected corridors are simulated in order to design the exhaust system to be capable of maintaining tenable conditions in the corridor used for evacuation. The results of these simulations are presented and discussed","1558-4305","1-4244-0500-9","10.1109/WSC.2006.322995","","https://ieeexplore.ieee.org/stamp/stamp.jsp?arnumber=4117853","","Computational fluid dynamics;Buildings;Fires;Exhaust systems;Computational modeling;Equations;Fluid dynamics;Predictive models;Gases;NIST","","6","1","4","IEEE","5 Mar 2007","3-6 Dec. 2006","3-6 Dec. 2006","IEEE","IEEE Conferences"
"A Decision-Making Method for Fire Detection Data Fusion Based on Bayesian Approach","N. Cheng; Q. Wu","School of Safety Engineering Shenyang Aerospace University Shenyang, China; School of Safety Engineering Shenyang Aerospace University Shenyang, China",2013 Fourth International Conference on Digital Manufacturing & Automation,"16 Sep 2013","2013","","","21","23","This paper introduces a method for fire alarm information fusion in feature level by means of Dynamic Bayesian Network (DBN), the method is effective to reduce the interference of environmental factors and to improve the accuracy of fire detection. With CO content, environment temperature and smoke concentration as input fire characteristic information of DBN, the DBN output for the probability of the naked flame, smoldering fire and no fire. A variety of fire scenarios were built for the training and validation of DBN by using the Fire Dynamics Simulator (FDS), the curve of the CO content, temperature and smoke concentration were fitted. The results show that the method can better identify fire characteristics between naked flame and smoldering fire.","","978-0-7695-5016-9","10.1109/ICDMA.2013.6","","https://ieeexplore.ieee.org/stamp/stamp.jsp?arnumber=6597924","fire detection;information fusion;Dynamic Bayesian Network","Manufacturing;Automation","","5","","5","IEEE","16 Sep 2013","29-30 June 2013","29-30 June 2013","IEEE","IEEE Conferences"
"Radiowave Propagation Modelling of Dual Wildfire Front Spreading over Hilly Terrain at 700 MHz","S. Faria; M. Vala; P. Coimbra; N. Leonor; J. Felício; C. A. Fernandes; C. Salema; R. F. S. Caldeirinha","Instituto de Telecomunicações, Instituto Politécnico de Leiria, Leiria, Portugal; Instituto de Telecomunicações, Instituto Superior Técnico, Leiria, Portugal; Instituto de Telecomunicações, Instituto Superior Técnico, Leiria, Portugal; Instituto de Telecomunicações, Instituto Politécnico de Leiria, Leiria, Portugal; Instituto de Telecomunicações, Instituto Superior Técnico, Leiria, Portugal; Instituto de Telecomunicações, Instituto Superior Técnico, Leiria, Portugal; Instituto de Telecomunicações, Instituto Superior Técnico, Leiria, Portugal; Instituto de Telecomunicações, Instituto Politécnico de Leiria, Leiria, Portugal",2021 Telecoms Conference (ConfTELE),"26 May 2021","2021","","","1","6","In this paper, a study of a fire front spreading over flat and sloped terrains and how these fire fronts may have impact on radiowave communications are presented. The phenomenon is modelled using Fire Dynamics Simulator (FDS) and the Cold Plasma Model (CPM), using pine needles as fuel heap. Fire parameters such as Heat Release Rate (HRR), Mass Loss Rate (MLR) and fuel consumption are presented and analysed. Attenuation effects at 700 MHz are calculated considering the Full-Stack Model (FSM) and Transmission Line Model (TLM). Simulation results clearly demonstrate that the slope of the terrain profile in the presence of a dual fire front spreading up the hill has significant impact on the additional excess loss of around 2.5 dB, yielding an overall excess loss of 3.5 dB for such a small-scale fire simulation.","","978-1-6654-1588-0","10.1109/ConfTELE50222.2021.9435561","","https://ieeexplore.ieee.org/stamp/stamp.jsp?arnumber=9435561","electromagnetic waves;propagation;wildfires","Heating systems;Power transmission lines;Simulation;Fires;Needles;Telecommunications;Plasmas","","3","","15","IEEE","26 May 2021","11-12 Feb. 2021","11-12 Feb. 2021","IEEE","IEEE Conferences"
"Complex permittivity study of a Pinus Pinaster needle bed on fire","M. Vala; S. Faria; N. Leonor; J. M. Felício; C. Fernandes; C. Salema; R. Caldeirinha","Instituto de Telecomunicações, Leiria, Portugal; Instituto Superior Técnico, University of Lisbon, Lisbon, Portugal; Instituto de Telecomunicações, Leiria, Portugal; Polytechnic of Leiria, Leiria, Portugal; Instituto Superior Técnico, University of Lisbon, Lisbon, Portugal; Instituto de Telecomunicações, Leiria, Portugal; Polytechnic of Leiria, Leiria, Portugal; Instituto de Telecomunicações, Leiria, Portugal; Instituto Superior Técnico, University of Lisbon, Lisbon, Portugal; Centro de Investigação Naval, Escola Naval, Almada, Portugal; Instituto de Telecomunicações, Leiria, Portugal; Instituto Superior Técnico, University of Lisbon, Lisbon, Portugal; Instituto de Telecomunicações, Leiria, Portugal; Instituto Superior Técnico, University of Lisbon, Lisbon, Portugal; Instituto de Telecomunicações, Leiria, Portugal; Polytechnic of Leiria, Leiria, Portugal",URSI Radio Science Bulletin,"23 Oct 2023","2021","2021","378","14","21","In this paper, a range of complex permittivity values, estimated from a Pinus Pinaster fuel bed on fire is presented. The Fire Dynamics Simulator (FDS) was used to model the fire environment and the Cold Plasma Model (CPM) was applied to evaluate the complex permittivities of such turbulent media. The retrieved values served as input parameters describing the propagation medium, enabling a full-wave analysis based on the Finite-Difference TimeDomain (FDTD) method to evaluate and ascertain the impact of a weakly ionised plasma generated during vegetation combustion on radiowave propagation. Comparisons were obtained against two other methods, namely the Transmission-Line Method (TLM) and the Full-Stack (FS) technique, as a way to reduce the computational time. These analyses yielded attenuation values up to 6 dB for the simulated scenario, in which good agreement among techniques was obtained. Preliminary results clearly indicated that fire may degrade communications in real fire situations.","1024-4530","","10.23919/URSIRSB.2021.10292808","","https://ieeexplore.ieee.org/stamp/stamp.jsp?arnumber=10292808","","Permittivity;Mathematical models;Time-domain analysis;Plasmas;Slabs;Dielectrics;Finite difference methods","","1","","15","","23 Oct 2023","Sept. 2021","","URSI","URSI Journals"
"Numerical Study of Critical Velocity of the Airflow in Ventilated Tunnels During Fire Incidents","F. -G. Gionea; D. -M. Burada; A. -M. Georgescu","Department of Hydraulics and Environmental Protection, Technical University of Civil Engineering, Bucharest, Romania; Department of Hydraulics and Environmental Protection, Technical University of Civil Engineering, Bucharest, Romania; Department of Hydraulics and Environmental Protection, Technical University of Civil Engineering, Bucharest, Romania",2021 10th International Conference on ENERGY and ENVIRONMENT (CIEM),"29 Nov 2021","2021","","","1","5","In the event of a fire, in a road tunnel, due to the ventilation system, a layer of smoke and toxic gases may appear in the opposite direction to the ventilation system. In the present study, we used PyroSim, a graphical user interface for the Fire Dynamics Simulator (FDS) to model floor-level fires in a ventilated tunnel with different Heat Release Rate, to continue previous researches of a 1/10 scale experiment, concluding that the smoke layer in the direction of the ventilation system depends more on the technical and geometric characteristics, than on the combustible material. At the same time, when using the horizontal ventilation systems, the height of the tunnel must be taken into account, in order to avoid the formation of smoke layers at low levels, towards its occupants.","","978-1-6654-4584-9","10.1109/CIEM52821.2021.9614748","","https://ieeexplore.ieee.org/stamp/stamp.jsp?arnumber=9614748","Critical velocity;Heat Release Rate;fire security;road tunnels;smoke exhaust","Heating systems;Temperature distribution;Temperature dependence;Gases;Roads;Ethanol;Ventilation","","1","","11","IEEE","29 Nov 2021","14-15 Oct. 2021","14-15 Oct. 2021","IEEE","IEEE Conferences"
"Modelling of Radiowave Propagation Through Small-scale Forest Fire","S. Faria; M. Vala; N. Leonor; J. Felício; C. Fernandes; C. Salema; R. Caldeirinha","Instituto de Telecomunicações, Portugal; Instituto de Telecomunicações, Portugal; Instituto de Telecomunicações, Portugal; Instituto de Telecomunicações, Portugal; Instituto de Telecomunicações, Portugal; Instituto de Telecomunicações, Portugal; Instituto de Telecomunicações, Portugal",2022 3rd URSI Atlantic and Asia Pacific Radio Science Meeting (AT-AP-RASC),"6 Jul 2022","2022","","","1","4","This paper presents an electrical modelling of radiowave propagation in a fire environment. A small-scale forest represented by 8 Pinus Pinaster trees was designed using the Fire Dynamics Simulator (FDS). The excess loss introduced by fire was evaluated using the Cold Plasma Model (CPM) and the Transmission Line Method (TLM), for a 385 MHz plane wave normally incident. Statistical analysis of the estimated overall attenuation is presented, in addition to the minimum and maximum relative permittivity and refractive index values across the measurement volume.","","978-9-4639-6-8058","10.23919/AT-AP-RASC54737.2022.9814376","Foundation for Science and Technology; ","https://ieeexplore.ieee.org/stamp/stamp.jsp?arnumber=9814376","","Temperature measurement;Vegetation mapping;Forestry;Vegetation;Transmission line measurements;Attenuation;Plasmas","","1","","13","","6 Jul 2022","30 May-4 June 2022","30 May-4 June 2022","IEEE","IEEE Conferences"
"Study on application of simulation software in teaching of design on fire protection of buildings","B. Zhang","School of Safety Engineering, China University of Labor Relations, Beijing, China",Fourth International Conference on Computer Science and Educational Informatization (CSEI 2022),"22 Nov 2022","2022","2022","","8","13","Application of the simulation software to the teaching in design on fire protection of buildings is explored in the present study. The main content of the course and the difficulty in teaching are analyzed. The Fire Dynamics Simulator (FDS), which can be used in simulating fire development, smoke propagation and the personnel evacuation process in fire, is adopted in combination with course teaching. Based upon the outline of the design on the fire protection of buildings, three instance analyses are conducted corresponding to three typical sections, including the foundation of the fire protection of buildings, the overall plan arrangement of buildings, and the personnel safety evacuation design. The combination of the simulation results and the teaching contents are discussed in detail.","","978-1-83953-788-2","10.1049/icp.2022.1447","","https://ieeexplore.ieee.org/stamp/stamp.jsp?arnumber=9956982","","","","","","","","22 Nov 2022","16-19 Sept. 2022","16-19 Sept. 2022","IET","IET Conferences"
"Numerical Simulation and Analysis of Different Airflow Velocities in Tunnel Fire under Freeway","C. -S. Lin; J. -P. Hsu","Department of Mechanical Engineering, Yuan Ze University, Taoyuan, Taiwan; Department of Mechanical Engineering, Yuan Ze University, Taoyuan, Taiwan","2017 International Conference on Computer Technology, Electronics and Communication (ICCTEC)","8 Aug 2019","2017","","","41","44","Tunnel has played an important role in the traffic and transportation network. Thanks to the noticeable improvement of computer technology, the simulation of computational fluid dynamics (CFD) has developed rapidly, which has been widely applied in the study of tunnel fire safety design. When the fire starts, people are vulnerable to poisonous and harmful smoke followed by high temperature, so the flow and temperature distribution of smoke must be explored. On this basis, the hazard of smoke and temperature can be analyzed and studied when a tunnel fire happens. The diffusion characteristics of smoke layer during a tunnel fire are obtained at different airflow velocities. Thus, this paper will build an original tunnel model, and employ fire dynamics simulator (FDS) for fire simulation and numeric simulation. Correspondingly, the harms to human being are analyzed while some advices on rescue and escape are put forward to provide the reference for escape and rescue from the tunnel under freeway.","","978-1-5386-5784-3","10.1109/ICCTEC.2017.00018","","https://ieeexplore.ieee.org/stamp/stamp.jsp?arnumber=8789134","tunnel fire;airflow velocity;critical velocity;backlayering;smoke","Traffic control;Ventilation;Atmospheric modeling;Numerical models;Heating systems;Mathematical model;Computational fluid dynamics","","","","10","IEEE","8 Aug 2019","19-21 Dec. 2017","19-21 Dec. 2017","IEEE","IEEE Conferences"
"Numerical Investigation of Aircraft Impacting Nuclear Power Plant with Different Fuel Loading","Z. Li; X. Zhuo; T. Huang; L. Peng; Z. Zheng; C. Xing; X. Huang","Joint Laboratory of Nuclear Power Plant Fire Safety Institute of Industry Technology, Guangzhou&Chinese Academy of Sciences, Guangzhou, China; State Key Laboratory of Nuclear Power, Safety Monitoring Technology and Equipment China Nuclear Power Engineering Co., Ltd., Shenzhen, China; State Key Laboratory of Nuclear Power, Safety Monitoring Technology and Equipment China Nuclear Power Engineering Co., Ltd., Shenzhen, China; Joint Laboratory of Nuclear Power Plant Fire Safety Institute of Industry Technology, Guangzhou&Chinese Academy of Sciences, Guangzhou, China; Joint Laboratory of Nuclear Power Plant Fire Safety Institute of Industry Technology, Guangzhou&Chinese Academy of Sciences, Guangzhou, China; Joint Laboratory of Nuclear Power Plant Fire Safety Institute of Industry Technology, Guangzhou&Chinese Academy of Sciences, Guangzhou, China; Joint Laboratory of Nuclear Power Plant Fire Safety Institute of Industry Technology, Guangzhou&Chinese Academy of Sciences, Guangzhou, China",2019 9th International Conference on Fire Science and Fire Protection Engineering (ICFSFPE),"6 Apr 2020","2019","","","1","6","The impact of a large commercial aircraft on the nuclear power plant is required in the hazards analysis for nuclear safety since 9/11 events. Fire Dynamics Simulator (FDS) was used to simulate the fireball caused by the impact of a large commercial aircraft on nuclear power plant (NPP). The effect of loading fuel on the fireball behavior was investigated after aircraft crash. Simulated results show as the fuel loading mass increases from 10 tons to 75 tons, the maximum heat release rate (HRR) of fireball increases from 6.46×107 kw to 1.84×108 kw; residual fuel increased from 18% to 43.3% of the total fuel load; lifetime of fireball increases from 13.29 s to 19.66 s; maximum diameters of the fireball increases from 103.54 m to 209.9 m. In order to investigate the reliability of numerical simulations, predicted lifetime and maximum diameter of fireball were compared with the values that calculated by semi-empirical models. Relative errors of the prediction for lifetime and maximum diameter of fireball are approximately 13.1%~26.5% and 12.9%~15.2%, respectively. Evidently, the numerical simulation results have good reliability.","","978-1-7281-5322-3","10.1109/ICFSFPE48751.2019.9055810","","https://ieeexplore.ieee.org/stamp/stamp.jsp?arnumber=9055810","loading fuel mass;aircraft crash;nuclear power plant;fireball;pool fire","","","","","15","IEEE","6 Apr 2020","18-20 Oct. 2019","18-20 Oct. 2019","IEEE","IEEE Conferences"
"Agent-Based Model of Mass Campus Shooting: Comparing Hiding and Moving of Civilians","P. Lu; D. Chen; Y. Li; X. Wang; S. Yu","Department of Sociology, Central South University, Changsha, China; Department of Sociology, Central South University, Changsha, China; Department of Sociology, Central South University, Changsha, China; School of Management and Economics, Beijing Institute of Technology, Beijing, China; School of Information and Electronics, Beijing Institute of Technology, Beijing, China",IEEE Transactions on Computational Social Systems,"24 May 2023","2023","10","3","994","1003","The follow-up impact of the campus shooting incident is enormous. Due to a large number of minors (vulnerable groups) and complex building environments, the school is one of the main targets of terrorists. The Sandy Hook Elementary School shooting in 2012 poses a challenge to social and public security. Considering the dichotomous characteristics of the people shot and the impact of the refuge area on the crowd movement in the shooting incident, we use an agent-based model to restore the real target case. Based on the optimal solution, we explore the effects of the number and location of building exits, the scale of the shooter’s attack, and the time to find shelter on the shooting results. For building exits, we found that for the environment in the case, the exit location has little impact on the number of casualties, but the increase in the number of exits provides more evacuation routes for the crowd and reduces the number of casualties. Panic will increase the probability of collision and injury. Hiding in a refuge area away from the shooter is effective to avoid shooting injury. At the same time, we propose the critical point of hiding probability. When it is greater than 40%, the faster the escape speed is, the higher the safety is; escape is more likely to replace avoidance in hiding probability less than 40% of environments. These findings are helpful to guide the building evacuation channel construction and emergency evacuation training.","2329-924X","","10.1109/TCSS.2022.3146966","National Social Science Foundation of China(grant numbers:17ZDA117); ","https://ieeexplore.ieee.org/stamp/stamp.jsp?arnumber=9712865","Agent-based modeling (ABM);campus shooting;civilians","Buildings;Safety;Injuries;Complexity theory;Blood;Sociology;Statistics","","6","","69","IEEE","14 Feb 2022","June 2023","","IEEE","IEEE Journals"
"Real-Time Evacuation Strategy Based on Cell-Inspired Simulation Model","Y. Niu; D. Kong; Y. Zhang; J. Xiao","School of Information Engineering, China University of Geosciences in Beijing, Beijing, China; School of Information Engineering, China University of Geosciences in Beijing, Beijing, China; School of Information Engineering, China University of Geosciences in Beijing, Beijing, China; Research Center of Logistics, Nankai University, Tianjin, China",IEEE Transactions on NanoBioscience,"31 Mar 2021","2021","20","2","202","211","During the evacuation process in an emergency, the route conditions usually change instantaneously, which makes routing selection a challenging work. To describe dynamic changes in the evacuation environment, this work proposes a real-time evacuation strategy based on a comprehensive route constraint in the framework of a cell-inspired simulation model, intelligence decision P system (IDPS). In our model, the comprehensive route constraint is formed to describe more complex road condition information including the total distance, congestion state, and unreliability of the route. Meanwhile, the IDPS model has been further improved in both the knowledge base description and the decision-making ability. Experiments are conducted to simulate five different scenarios in a fire evacuation. The results show that the evacuation strategy with a comprehensive route constraint has a significant improvement in the evacuation efficiency and has higher robustness. Which kind of route condition should be emphasized more in different evacuation scenarios is also analyzed.","1558-2639","","10.1109/TNB.2020.3039992","National Natural Science Foundation of China(grant numbers:61872325,62072258,61772290); Fundamental Research Funds for the Central Universities(grant numbers:2652019028); China Scholarship Council(grant numbers:201806405004); ","https://ieeexplore.ieee.org/stamp/stamp.jsp?arnumber=9268134","Evacuation strategy;membrane computing;intelligence decision P system;comprehensive route constraint","Knowledge based systems;Real-time systems;Roads;Decision making;Nanobioscience;Computational modeling;Buildings","Computer Simulation;Emergencies;Humans","4","","31","IEEE","24 Nov 2020","April 2021","","IEEE","IEEE Journals"
"Study on Fire Evolution Simulation of Zoning Strategy for Battery Electric Vehicles in RoPax Ship","Y. Yu; J. Zhang; H. Yin; W. Zhang","Intelligent Transportation Systems Research Center, Wuhan University of Technology, Wuhan, China; State Key Laboratory of Maritime Technology and Safety, Wuhan University of Technology, Wuhan, China; COSCO SHIPPING Specialized Carriers Company Ltd.,, Guangzhou, China; School of Management, Wuhan Textile University, Wuhan, China",IEEE Transactions on Transportation Electrification,"24 Nov 2025","2025","11","6","13287","13297","The transportation of battery electric vehicles (BEVs) on roll-on/roll-off passenger (RoPax) ships has increased rapidly in recent years. However, the rapid combustion of BEV fire incidents in such confined spaces has raised considerable safety concerns. This study proposes a zoning parking strategy for BEVs and internal combustion engine vehicles (ICEVs) to mitigate fire consequences of RoPax vessels. The effectiveness of the proposed strategy is evaluated by comparing the fire dynamic simulation (FDS) results with those under the conventional transportation strategy. First, a solid flame model (SFM) is proposed to streamline the simulation of large-scale, multivehicle fire scenarios aboard RoPax ship. Then, the model is applied to simulate full-scale fire scenarios on RoPax ships to compare the fire consequences under two transportation strategies and analyze critical data, such as fire spread rate, temperature distribution, and thermal radiation intensity. The results show that the zoning strategy can prolong the time for the fire to reach its peak by 46% and maintain a stable fire state for 1100 s. In the zoning parking model, the sequential propagation of fire along the vehicle parking order allows for a clear prediction of its next phase. This study provides technical references for formulating fire emergency response strategies for RoPax ships and contributing to the development of safety and emergency response regulations for the emerging scenarios of electric vehicle transportation.","2332-7782","","10.1109/TTE.2025.3593980","National Natural Science Foundation(grant numbers:52301422); Fund of Guangxi Science and Technology Program(grant numbers:AB23026132); Guangxi Key Research and Development Program; Key Research and Development Program of Guangxi, Zhuang autonomous region(grant numbers:Guike2023AA14003); Innovation Fund from State Key Laboratory of Maritime Technology and Safety(grant numbers:SKL202403); Fund of State Key Laboratory of Maritime Technology and Safety(grant numbers:28-19-1); ","https://ieeexplore.ieee.org/stamp/stamp.jsp?arnumber=11104127","Battery electric vehicle (BEV);fire dynamics simulation;roll-on/roll-off passenger (RoPax) ship;transportation strategy","Marine vehicles;Transportation;Batteries;Combustion;Electric vehicles;Electrification;Temperature measurement;Heating systems;Fires;Fire safety","","","","55","IEEE","30 Jul 2025","Dec. 2025","","IEEE","IEEE Journals"
"Numerical studies of fire smoke movement and control in typical building based on different boundary configurations","Y. Huang; J. Zhang; S. Luo; S. Wang; S. Zhu; F. Shang; L. Yang","Anhui Province Key Laboratory for Electric Fire and Safety Protection, State Grid Anhui Electric Power Research Institute, Hefei, China; Anhui Province Key Laboratory for Electric Fire and Safety Protection, State Grid Anhui Electric Power Research Institute, Hefei, China; State Grid Anhui Electric Power Co.,Ltd, Hefei, China; State Grid Anhui Electric Power Co.,Ltd, Hefei, China; State Grid Anhui Electric Power Research Institute, Hefei, China; Anhui Province Key Laboratory for Electric Fire and Safety Protection, State Grid Anhui Electric Power Research Institute, Hefei, China; State Key Laboratory of Fire Science, University of Science and Technology of China, Hefei, China",2021 6th Asia Conference on Power and Electrical Engineering (ACPEE),"24 May 2021","2021","","","1207","1215","As an important structure connecting rooms and atrium in large shopping malls, corridors have a huge impact on smoke movement but are rarely mentioned in previous studies. The purpose of this study is to investigate the impact of changes in the corridor’s physical boundary (corridor width and keep stand height) on the development of fire within a typical room-corridor-atrium model. A series of cases were carried out numerically by using Fire Dynamic Simulator (FDS).The result shows that: the keep stand height has a huge effect on the smoke migration path, asymmetric distribution of temperature, and the mass flow rate. With a certain heat release rate, a critical width was found to determine the maximum value of the temperature and spill plume of the atrium. Based on the above analyses, some smoke control measures were put forward and discussed. It indicates that the exhaust vent position and the keep stand height should better be given position 3 and non-dimensional height with 0.375 respectively. Besides, the keep stand was also introduced into Poreh’s spill plume model to verify the relationship between mass flow rates and keep stand height, the modified model shows a good linear relationship.","","978-1-7281-9159-1","10.1109/ACPEE51499.2021.9436894","Science and Technology Project of State Grid; ","https://ieeexplore.ieee.org/stamp/stamp.jsp?arnumber=9436894","Building fire;Physical boundary;Fire smoke movement;Smoke and heat exhaust system;Fire dynamic simulator","Temperature measurement;Temperature distribution;Computational modeling;Fluid dynamics;Vents;Buildings;Predictive models","","","","28","IEEE","24 May 2021","8-11 April 2021","8-11 April 2021","IEEE","IEEE Conferences"
"Safety Evacuation Measures in Urban Subway Fire","T. Jialei; W. Tong; C. Ya; B. Guang","Beijing Municipal Institute of Labour Protection, Civil & Environment Engineering school, University of Science and Technology Beijing, Beijing, P.R. China; Beijing Municipal Institute of Labour Protection, Beijing, P.R. China; Beijing Municipal Institute of Labour Protection, Beijing, P.R. China; Beijing Municipal Institute of Labour Protection, Beijing, P.R. China",2009 Second International Conference on Intelligent Computation Technology and Automation,"16 Oct 2009","2009","4","","422","425","The emergency incidents in urban subway system were analyzed. The main incident of emergency incidents was gained, then the reason of main emergency incident was analyzed. The different smoke control and evacuation modes were discussed, then the best smoke control and evacuation mode were obtained. Smoke spread at platform was simulated by FDS+EVAC. The relation of soot density, extinction coefficient and evacuation speed have liner relationship. The main influence factors of evacuation time were analyzed. The simulation results indicate that the existence of automatic fare gates of metro reduces the efficiency of evacuation. The evacuation time of no automatic fare gate is longer than evacuation time of automatic fare gate around 40%.","","978-0-7695-3804-4","10.1109/ICICTA.2009.817","","https://ieeexplore.ieee.org/stamp/stamp.jsp?arnumber=5288315","safety evacuation;urban subway system;emergency incident;fire;smoke control","Fires;Protection;Road accidents;Rails;Automatic control;Vehicle safety;Transportation;Hazards;Signal analysis;Security","","1","1","20","IEEE","16 Oct 2009","10-11 Oct. 2009","10-11 Oct. 2009","IEEE","IEEE Conferences"
"Design and Implementation of Autonomous Fire Suppression System with AI-Guided Aiming Sprinklers and Evacuation Guidance for Smart Building Applications","A. R. Ramadhan; Widyasmoro; M. Y. Berliandhi; A. Diastyanto","Department of Electrical Engineering, Faculty of Engineering, Muhammadiyah University of Yogyakarta, Yogyakarta, Indonesia; Department of Electrical Engineering, Faculty of Engineering, Muhammadiyah University of Yogyakarta, Yogyakarta, Indonesia; Department of Electrical Engineering, Faculty of Engineering, Muhammadiyah University of Yogyakarta, Yogyakarta, Indonesia; Department of Electrical Engineering, Faculty of Engineering, Muhammadiyah University of Yogyakarta, Yogyakarta, Indonesia",2025 5th International Conference on Electronic and Electrical Engineering and Intelligent System (ICE3IS),"16 Dec 2025","2025","","","460","465","Fire hazards in multi-story buildings are one of the most dangerous incidents that can cause significant material and human casualties. This study aims to design and build a fire suppression system equipped with automatic aiming sprinklers and an evacuation guidance system based on Internet of Things (IoT) technology. The system integrates fire detection sensors, cameras, audio, and visual indicators connected to a web-based monitoring platform called IgnisCore. The hardware uses ESP32 microcontrollers, fire sensors, smoke sensors, temperature sensors, a webcam, and servo-controlled sprinklers. At the same time, the software consists of object detection using YOLO algorithms, developed using Visual Studio Code, OpenCV, and Python, with hardware control programmed through Arduino IDE. The test results show that the system successfully detects fire conditions through five logic scenarios: Normal, Sensor Detection, Camera Detection, Confirmed Fire, and Multisensor Detection. The automatic aiming sprinkler responds according to the location of the fire detected by the camera, while evacuation guidance is provided through LED indicator lights and an audio evacuation message via speaker. Quantitatively, the system achieved accurate fire suppression targeting with an average spray distance of up to 5 meters and successfully activated evacuation indicators in $\mathbf{1 0 0 \%}$ confirmed fire test scenarios. This integrated system is expected to improve the safety of building occupants by providing faster and more accurate fire responses and evacuation directions.","","979-8-3315-8523-5","10.1109/ICE3IS66769.2025.11281372","","https://ieeexplore.ieee.org/stamp/stamp.jsp?arnumber=11281372","Fire suppression system;Automatic aiming sprinkler;Internet of Things;Fire evacuation system;Object detection","Temperature sensors;Meters;Visualization;Accuracy;Smart buildings;Light emitting diodes;Sensor systems;Sensors;Internet of Things;Servomotors","","","","13","IEEE","16 Dec 2025","6-7 Aug. 2025","6-7 Aug. 2025","IEEE","IEEE Conferences"
"Optimized Arrangement of Cables in Cable Tunnel of Substation Considering Fireproof Performance","J. Liang; G. Feng; Y. Tian","School of Electrical Engineering, Xi'an University of Technology, Xi'an, China; School of Electrical Engineering, Xi'an University of Technology, Xi'an, China; School of Electrical Engineering, Xi'an University of Technology, Xi'an, China",2022 IEEE International Conference on High Voltage Engineering and Applications (ICHVE),"2 Dec 2022","2022","","","1","4","Cable tunnel fire is a major cause of accidents in substations. Nowadays, a large number of cables are spread out in cable tunnels of substations, and the cable layout in the cable tunnel is dense and non-standard way, which may be prone to a cable fire. In order to improve fireproof performance in cable tunnels of substations, numerical simulations of the fireproof performance of the cable tunnels were performed using the Fire Dynamics Simulator by changing the overall arrangement of the high-voltage cables in cable tunnels. The simulation results show that the temperature, CO and CO2 concentrations, and fire heat release rate follow the same trend for each monitoring point under different layouts of high voltage cables in cable tunnels of substations. The heat release rate of cable fires is minimized when high-voltage cables are arranged in “one” and “triangle” types, with the interlayer distance being 0.65m and 1.15m respectively. Moreover, the preferred layout type may be the “triangle” type arrangement when laying cables in cable tunnels of substations. The paper provide an optimized arrangement method of cable in cable tunnels of substations.","2474-3852","978-1-6654-0750-2","10.1109/ICHVE53725.2022.9961741","State Grid Corporation of China(grant numbers:5200-201932093A-0-0-00); ","https://ieeexplore.ieee.org/stamp/stamp.jsp?arnumber=9961741","cable tunnel;cable fire;heat release rate;numerical simulation","Heating systems;Substations;Simulation;Layout;High-voltage techniques;Flame retardants;Market research","","3","","13","IEEE","2 Dec 2022","25-29 Sept. 2022","25-29 Sept. 2022","IEEE","IEEE Conferences"
"Measurement Trials and Modeling of Radio Propagation Through Small-Scale Fire Using Pinus pinaster Fuel Bed","S. Faria; M. Vala; P. Coimbra; N. Leonor; J. M. Felício; C. A. Fernandes; C. Salema; R. F. S. Caldeirinha","Instituto de Telecomunicações, Leiria, Portugal; Instituto de Telecomunicações, Leiria, Portugal; Instituto de Telecomunicações, Lisbon, Portugal; Instituto de Telecomunicações, Leiria, Portugal; Instituto de Telecomunicações, Lisbon, Portugal; Instituto de Telecomunicações, Lisbon, Portugal; Instituto de Telecomunicações, Lisbon, Portugal; Instituto de Telecomunicações, Leiria, Portugal",IEEE Antennas and Wireless Propagation Letters,"2 Mar 2023","2023","22","3","581","585","This letter presents measurement results and initial physical modeling of the radiowave propagation phenomena in the presence of fire using Pinus pinaster fuel heaps. To this extent, this letter reports on small-scale measurement trials carried out at 700 MHz on Pinus pinaster fuel bed on fire and subsequent validation of simulation results of the propagation phenomena behavior based on the intertwined use of both the fire dynamics simulator and the cold plasma model. Excess attenuation of up to 1.52 dB was observed in measured results, which is thought to be critical considering it is a small-scale fire scenario composed of a 1 × 1 m$^{2}$ with 0.6 kg of pine needles","1548-5757","","10.1109/LAWP.2022.3218935","FCT/MEC; FEDER PT2020; RESCuE-TOOL(grant numbers:PCIF/SSI/0194/2017,UID/EEA/50008/2019); ","https://ieeexplore.ieee.org/stamp/stamp.jsp?arnumber=9935109","Attenuation;ionization;radiowave propagation;wildfire","Furnaces;Plasmas;Fires;Attenuation;Apertures;Temperature measurement;Fuels","","1","","16","IEEE","2 Nov 2022","March 2023","","IEEE","IEEE Journals"
"Numerical investigation of the impact of different configurations and aspect ratios on dense gas dispersion in urban street canyons","R. Yang; J. Zhang; S. Shen; X. Li; J. Chen","Center for Public Safety Research, Department of Engineering Physics, Tsinghua University, Beijing 100084, China; Center for Public Safety Research, Department of Engineering Physics, Tsinghua University, Beijing 100084, China; Center for Public Safety Research, Department of Engineering Physics, Tsinghua University, Beijing 100084, China; Center for Public Safety Research, Department of Engineering Physics, Tsinghua University, Beijing 100084, China; Center for Public Safety Research, Department of Engineering Physics, Tsinghua University, Beijing 100084, China",Tsinghua Science and Technology,"17 Jan 2012","2007","12","3","345","351","The dispersion of chlorine gas in urban street canyons was numerically simulated using the fire dynamics simulator, a code developed by the National Institute of Standards and Technology of USA, which uses large eddy simulation coupled with the Smagorinsky sub-grid scale model. The unsteady flow fields were computed by solving the filtered incompressible Navier-Stokes equations under low Mach number approximation by the finite difference method. The studies analyzed the influence of different street canyon configurations and aspect ratios on the flow and chlorine gas dispersion. The geometric configuration and aspect ratio both affect the vortices and the local concentration distributions in street canyons.","1007-0214","","10.1016/S1007-0214(07)70051-2","","https://ieeexplore.ieee.org/stamp/stamp.jsp?arnumber=6076224","dense gas;street canyon;dispersion;large eddy simulation","Buildings;Dispersion;Numerical models;Geometry;Mathematical model;Computational modeling;Boundary conditions","","","","","","17 Jan 2012","June 2007","","TUP","TUP Journals"
"Numerical investigation of fire smoke transport in the Tsinghua University Sports Center","J. Chen; H. Chen; S. Fu","Department of Engineering Mechanics, Tsinghua University, Beijing 100084, China; Department of Engineering Mechanics, Tsinghua University, Beijing 100084, China; Department of Engineering Mechanics, Tsinghua University, Beijing 100084, China",Tsinghua Science and Technology,"17 Jan 2012","2005","10","5","618","622","Fire Dynamics Simulator v3.0 was used to investigate and assess fire smoke transport and management in a realistic indoor sports center. An atrium fire test case illustrated the code's superiority over code-type empirical models for both accuracy and capability. Four fire scenarios in the Tsinghua University Sports Center were then simulated. The smoke layer's descent speed was predicted for each case. The importance of the door effect was revealed and an additional mechanical ventilation system for the building was proved to be of no help. The door effect must be carefully considered in future fire safety designs.","1007-0214","","10.1016/S1007-0214(05)70128-0","","https://ieeexplore.ieee.org/stamp/stamp.jsp?arnumber=6075834","computational fluid dynamics (CFD);sports center fire;door effect;smoke management","Fires;Computational fluid dynamics;Mathematical model;Ventilation;Computational modeling;Heating","","","","","","17 Jan 2012","Oct. 2005","","TUP","TUP Journals"
"A methodology for fire data analysis based on pattern recognition towards the disaster management","S. Rasouli; O. -C. Granmo; J. Radianti","Department of Information and Communication Technology, University of Agder, Grimstad, Norway; Department of Information and Communication Technology, University of Agder, Grimstad, Norway; Department of Information and Communication Technology, University of Agder, Grimstad, Norway",2015 2nd International Conference on Information and Communication Technologies for Disaster Management (ICT-DM),"11 Feb 2016","2015","","","130","137","The aim of this paper is to investigate a proposed strategy for fire disaster analysis that is implemented based on pattern recognition technique in order to achieve a methodology for disaster management. Since the fire hazard has severe effects onto human and properties, it is essential to predict and possibly prevent it. Almost every fire produces some issues, such as heat, smoke, gas, and flame, which are sensible and measurable via devices or detection systems. The fire behavior is relevant to these issues. In this research, temperature, heat radiation, and visibility (smoke) data of fire that have been obtained from Fire Dynamics Simulator (FDS) are used for analysis. The location of the fire is supposed to be in a room in the middle of the building. Also, a neighborhood containing several rooms and corridors is selected around the firing room. We have used Decision Tree learning technique to classify the data and predict the fire data. Three different scenarios have been defined to evaluate the effect of distance and time in recognition of the fire pattern. KNIME has been used for implementation of pattern recognition technique in which all fire data can be classified based on the data in the firing room. The authenticity of proposed strategy is examined via the scenarios. Statistical analysis using KNIME and MATLAB show the high accuracy (at the level of 0.9 with acceptable confidence interval) in all cases. Also, the profile of the accuracy has a logical process, according to the time and distance in most of the cases.","","978-1-4799-9923-1","10.1109/ICT-DM.2015.7402033","","https://ieeexplore.ieee.org/stamp/stamp.jsp?arnumber=7402033","pattern recognition;fire analysis;decision tree learning;fire data classification;confidence interval","Fires;Pattern recognition;Heating;Buildings;Firing;Decision trees;Temperature distribution","","4","","21","IEEE","11 Feb 2016","30 Nov.-2 Dec. 2015","30 Nov.-2 Dec. 2015","IEEE","IEEE Conferences"
"Numerical Study on Smoke Temperature Characteristics in T-Shaped Bifurcated Tunnel Fires","K. Song; Y. Yao; F. Ren; Y. Dai; W. Li; H. Liu; R. Feng; B. Dong; L. Jiang","CCCC Guangzhou Dredging Co., Ltd., Guangzhou, China; School of Emergency Management and Safety Engineering, China University of Mining and Technology-Beijing, Beijing, China; Beijing Key Laboratory of Metro Fire and Passenger Transportation Safety, China Academy of Safety Science and Technology, Beijing, China; CCCC Guangzhou Dredging Co., Ltd., Guangzhou, China; CCCC Guangzhou Dredging Co., Ltd., Guangzhou, China; CCCC Guangzhou Dredging Co., Ltd., Guangzhou, China; CCCC Guangzhou Dredging Co., Ltd., Guangzhou, China; CCCC Guangzhou Dredging Co., Ltd., Guangzhou, China; RISE Fire Research, Trondheim, Norway",Journal of Intelligent Construction,"21 Jan 2025","2024","2","2","1","10","Due to the swift progress of subterranean urban transportation, various branching structures emerged one after another. When it brought significant convenience to people's travel, the fire hazard associated with it could not be overlooked. This paper analyzed the impact of the T-shaped bifurcated structure on the temperature characteristics of fire smoke through fire dynamics simulator (FDS) numerical simulation. The findings revealed that the temperature decrease trend of each section below the ceiling in a T-shaped bifurcated tunnel could be accurately described by a double exponential model. Notably, the attenuation coefficient of each section basically remained unchanged under natural ventilation. However, the coefficient varied distinctly and directly related to the dimensionless ventilation velocities (V‘) in each section under longitudinal ventilation. The maximum fire smoke temperature below the tunnel ceiling of the T-shaped bifurcated tunnel was higher than that below the single tunnel ceiling at lower ventilation velocities (V‘ ≤ 0.19), while lower than that below the single tunnel ceiling at higher ventilation velocities (V‘ > 0.19). On the basis of the numerical simulation data, a predictive model to estimate the maximum fire smoke temperature rise below the tunnel ceiling of a T-shaped bifurcated tunnel was proposed.","2958-2652","","10.26599/JIC.2024.9180021","National Natural Science Foundation of China(grant numbers:52206186,52376131); State Key Laboratory of Fire Science(grant numbers:HZ2024-KF02); ","https://ieeexplore.ieee.org/stamp/stamp.jsp?arnumber=10848450","T-shaped bifurcated tunnel;numerical simulation;smoke temperature distribution;maximum temperature rise;longitudinal ventilation","Temperature distribution;Transportation;Predictive models;Ventilation;Numerical simulation;Attenuation;Market research;Numerical models;Junctions;Periodic structures","","1","","30","","21 Jan 2025","June 2024","","TUP","TUP Journals"
"Numerical Calculation of Convective Heat Transfer in the Boundary Layer of Tunnel Fire Smoke Based on FDM","Z. Zhu; W. Zhao","School of Rail Transportation, Soochow University, Soochow, China; School of Rail Transportation, Soochow University, Soochow, China","2025 IEEE 4th International Conference on Computing, Communication, Perception and Quantum Technology (CCPQT)","17 Feb 2026","2025","","","1","5","The convective heat transfer from hot smoke in tunnel fires poses a significant threat to the structural integrity of tunnel linings and internal components, representing a major concern for thermal safety in underground spaces. To address this issue, a finite difference method (FDM)-based algorithm is designed to accurately resolve the temperature gradient within the smoke boundary layer adjacent to tunnel walls during fires in this paper, thereby enabling precise analysis of convective heat transfer intensity. The challenges associated with conventional computational fluid dynamics (CFD) methods are circumvented effectively in this approach, such as mesh generation difficulties and high computational costs when resolving thin boundary layers. The proposed FDM algorithm couples and solves the Navier-Stokes equations and the energy conservation equation within the boundary layer. A novel wall function is introduced, which incorporates an additional wall cell influenced by both the near-wall fluid temperature matrix and the internal solid wall temperature matrix. This formulation allows for a more accurate prediction of the wall temperature gradient. Comparative validation against results from the Fire Dynamics Simulator (FDS) demonstrates that the proposed algorithm achieves high accuracy in predicting temperature gradients while significantly reducing computational cost. The feasibility of the FDM approach is confirmed as an effective supplementary tool for addressing small-scale boundary layer problems by these findings.","","979-8-3315-2583-5","10.1109/CCPQT66408.2025.11382629","","https://ieeexplore.ieee.org/stamp/stamp.jsp?arnumber=11382629","tunnel fire;CFD;finite difference method;temperature gradient;convective heat transfer","Accuracy;Heuristic algorithms;Computational fluid dynamics;Prediction algorithms;Solids;Computational efficiency;Frequency division multiplexing;Heat transfer;Space heating;Finite difference methods","","","","23","IEEE","17 Feb 2026","24-26 Oct. 2025","24-26 Oct. 2025","IEEE","IEEE Conferences"
"State Parameter Prediction of Fire Based on Extreme Learning Machine","C. Jiang; Q. Fan","Logistics Research Center, Shanghai Maritime University, Shanghai, China; Logistics Research Center, Shanghai Maritime University, Shanghai, China",2019 IEEE Symposium Series on Computational Intelligence (SSCI),"20 Feb 2020","2019","","","1108","1114","Fire spread process can be simulated through Fire Dynamics Simulation (FDS) accurately. However, it is hard to assist fire rescue scheduling and real-time guidance of crowd evacuation due to its long computational time. To alleviate this problem, a fire surrogate model using extreme learning machine (ELM) is proposed to predict key state parameters of fire in the current study. The data obtained by FDS are used to train and test the fire surrogate model. The results indicate that the fire surrogate model has good prediction performance and short calculation time. Therefore, the proposed fire surrogate model can be used to help fire rescue and crowd evacuation. Finally, the number of hidden neurons and active function in ELM are analyzed.","","978-1-7281-2485-8","10.1109/SSCI44817.2019.9003049","","https://ieeexplore.ieee.org/stamp/stamp.jsp?arnumber=9003049","Fire model;surrogate model;Extreme Learning Machine;fire parameters prediction.","Fires;Predictive models;Neurons;Computational modeling;Heating systems;Data models;Biological neural networks","","","","21","IEEE","20 Feb 2020","6-9 Dec. 2019","6-9 Dec. 2019","IEEE","IEEE Conferences"
"State parameters prediction of fire using generalized regression neural network","Q. Fan; W. Wang; X. Han; B. Cong","Logistics Research Center, Shanghai Maritime University, Shanghai, P. R. China; Logistics Research Center, Shanghai Maritime University, Shanghai, P. R. China; Shanghai Institute of Disaster Prevention and Relief, Tongji University, Shanghai, P. R. China; Shanghai Institute of Disaster Prevention and Relief, Tongji University, Shanghai, P. R. China","2019 IEEE International Conference on Smart Manufacturing, Industrial & Logistics Engineering (SMILE)","23 Jan 2020","2019","","","150","154","Fire Dynamics Simulation (FDS) can be used to simulate the fire process accurately, but it is time-consuming and unable to meet real-time computing needs. Therefore, it is difficult to be used in fire rescue scheduling and guidance of crowd evacuation in case of emergency. To solve the above mentioned problem, a fire surrogate model using generalized regression neural network (GRNN) is proposed to predict the key state parameters of fire spread process. In the proposed surrogate model, datasets produced by the FDS are employed to train and test the generalized regression neural network. Experimental results indicate that the proposed fire surrogate model not only can satisfy the prediction precision, but also can reduce the computational time significantly. Therefore, the proposed fire surrogate model is a promising tool to assist fire rescue and crowd evacuation.","","978-1-5386-7998-2","10.1109/SMILE45626.2019.8965310","","https://ieeexplore.ieee.org/stamp/stamp.jsp?arnumber=8965310","fire simulation;surrogate model;generalized regression neural network;fire state parameter prediction","Computational modeling;Predictive models;Heating systems;Fitting;Data models;Neurons;Neural networks","","","","20","IEEE","23 Jan 2020","20-21 April 2019","20-21 April 2019","IEEE","IEEE Conferences"
"Building an HPC-as-a-Service Toolkit for User-Interactive HPC Services in the Cloud","X. Li; H. Palit; Y. S. Foo; T. Hung","Advanced Computing Programme, Institute of High Performance Computing, Singapore; Advanced Computing Programme, Institute of High Performance Computing, Singapore; Advanced Computing Programme, Institute of High Performance Computing, Singapore; Advanced Computing Programme, Institute of High Performance Computing, Singapore",2011 IEEE Workshops of International Conference on Advanced Information Networking and Applications,"5 May 2011","2011","","","369","374","It is a challenging task to provide High Performance Computing (HPC) services in the cloud. The estimation of the performance is extremely difficult, and it is affected by the capacity of system (e.g., the number of CPU cores, the access speed of network storage, and the communications throughput among multiple processors) as well as the feature of applications. In this paper, we propose to build a user-interactive HPC-as-a-Service environment, HPC-as-a-Service Toolkit (HPCaaST), to provide HPC services in the cloud. We introduce an adaptive HPC service method which includes pre-process configuration, adaptive estimations, and early data evaluation, to improve the user interactivities of HPC services. Our proposed adaptive method computes the completion times and prices of on-going HPC jobs in real-time, which enables users to start same jobs with different configurations simultaneously and select the best one at an early stage. We conduct experiments with Fire Dynamics Simulator and results show that with the adaptive estimation, users can save much money by selecting the best strategy from four configurations when 10%-20% of the simulation is completed.","","978-1-61284-829-7","10.1109/WAINA.2011.116","","https://ieeexplore.ieee.org/stamp/stamp.jsp?arnumber=5763528","High Performance Computing (HPC) service;HPC-as-a-Service;Computer-on-Demand;Storage-on-Demand","Computers;Servers;Computational modeling;Cloud computing;Program processors;Adaptive estimation;Portals","","10","","9","IEEE","5 May 2011","22-25 March 2011","22-25 March 2011","IEEE","IEEE Conferences"
"Fire Detection using Wireless Sensor Networks: An Approach Based on Statistical Data Modeling","G. Boggia; P. Camarda; L. A. Grieco; M. R. Palattella","DEE, Bari, Italy; DEE, Bari, Italy; DEE, Bari, Italy; DEE, Bari, Italy","2008 New Technologies, Mobility and Security","25 Nov 2008","2008","","","1","5","The aim of this work is to propose an innovative architecture for fire detection, using a wireless sensor network. This scheme is based on the statistical modeling of the Angstrom index. So far, such an index has been applied in outdoor environments. The results obtained by our analysis have extended its validity also to indoor scenarios. A key strength of our system is that each sensor node models the collected measures of the index, in order to transmit, in normal conditions, only the parameters of such a model, thus saving energy. To test the effectiveness of our fire detection system, we have simulated a fire in a building using the fire dynamics simulator. Results have shown that our proposed system is able to reach a good tradeoff between energy consumption and detection delay, in several operative conditions.","2157-4960","978-1-42443547-0","10.1109/NTMS.2008.ECP.46","","https://ieeexplore.ieee.org/stamp/stamp.jsp?arnumber=4689100","","Fires;Wireless sensor networks;Temperature sensors;Energy consumption;Delay;Energy efficiency;Electronic mail;Meteorological factors;Meteorology;Fuels","","8","","20","","25 Nov 2008","5-7 Nov. 2008","5-7 Nov. 2008","IEEE","IEEE Conferences"
"Simulation of Gas Contamination by Methane in Blind Drift of Coal Mine","S. A. Lisakov; A. I. Sidorenko; E. V. Sypin","Biysk Technological Institute, Biysk, Russia; Biysk Technological Institute, Biysk, Russia; Biysk Technological Institute, Biysk, Russia",2020 21st International Conference of Young Specialists on Micro/Nanotechnologies and Electron Devices (EDM),"31 Jul 2020","2020","","","244","252","As a result of the work, a computer simulation of the methane gas contamination in blind drift coal mine was carried out. The most probable scenarios of the methane gas contamination occurrence in the blind drifts of coal mines associated with violations of the ventilation operation mode are observed: the occurrence of gas contamination in the blind drift at long shutdown of the local ventilation fan; the occurrence of gas contamination at ventilation pipes lag. The analysis of the approaches to modeling of the gas contamination in mine workings was carried out. It was proposed to use computational fluid dynamics software (Fire Dynamics Simulator) for modeling based on the Large Eddy Simulation (LES) turbulence model in the approximation of small Mach numbers (Ma <0.3) (subsonic approximation) and the Deardorff model for calculating turbulent viscosity. Analytical dependencies were formulated. Initial data for modeling were determined: geometric parameters of the blind drift, ventilation and methane emission parameters, and initial conditions. The adequacy of the developed computer model was verified on the basis of experimental data presented in the literature. The calculated and experimental data on the air velocity and distribution of methane concentration in the mine are in satisfactory agreement. The data on the air velocity and methane concentration distribution for the studied scenarios were analyzed. The change in the concentration of methane in the working process was shown, depending on the shutdown duration of the local ventilation fan and when the ventilation pipes lag.","2325-419X","978-1-7281-6846-3","10.1109/EDM49804.2020.9153520","","https://ieeexplore.ieee.org/stamp/stamp.jsp?arnumber=9153520","Multicriteria optical-electronic device;gas contamination;methane;emergency situation;pre-emergency situation;coal mine.","Contamination;Coal mining;Ventilation;Computational modeling;Methane;Mathematical model;Fuel processing industries","","2","","23","IEEE","31 Jul 2020","29 June-3 July 2020","29 June-3 July 2020","IEEE","IEEE Conferences"
"Telescopic Data Compression in Dense Sensor Networks that Support Fire-Fighters","Y. H. Cheung; N. F. Maxemchuk","Department of Electrical Engineering, Columbia University, New York, NY, USA; Department of Electrical Engineering, Columbia University, New York, NY, USA",IEEE GLOBECOM 2007 - IEEE Global Telecommunications Conference,"26 Dec 2007","2007","","","914","919","In a dense sensor network, sensors are randomly placed at a density high enough that over-sampling of a physical field occurs. Depending upon the application, very often some regions contain more information than the rest. For optimal energy efficiency, the amount of compression and hence the sensing accuracy should vary with the relative significance of different sub-regions. To achieve this goal, we propose a progressive data collection scheme. First, the more significant low-frequency components, which give a crude profile of the signal, are extracted and forwarded to the destination. Then, based on the rough profile, an application may identify some strategic areas and request additional details, i.e. components of higher frequencies, from them until the desired resolution is reached. This process of sensing a phenomenon is like making observations through a telescope: starting with a panoramic view of low resolution, then gradually zooming into a target region to reveal finer details. Noise in data can also be effectively removed during the process by applying digital low-pass filtering locally within sensor clusters. Simulation results based on the temperature distribution of a fire in one of the engineering buildings on the Columbia campus generated by the NIST Fire Dynamics Simulator show that with a sensor density of 1.2 /m2 and a SNR of 6 dB, using a simple Gaussian low-pass filter for local compression, an average overall improvement of 4.4 dB can be obtained while collecting only 4.8% of the raw data traffic at the processing center, resulting in a reconstructed field deemed accurate enough for extracting crucial information about a fire.","1930-529X","978-1-4244-1042-2","10.1109/GLOCOM.2007.176","","https://ieeexplore.ieee.org/stamp/stamp.jsp?arnumber=4411086","","Data compression;Fires;Data mining;Low pass filters;Energy efficiency;Frequency;Signal resolution;Telescopes;Digital filters;Filtering","","1","1","12","IEEE","26 Dec 2007","26-30 Nov. 2007","26-30 Nov. 2007","IEEE","IEEE Conferences"
"Research on Adaptation of Multi-Criterial Electro-Optical System under Object in the Form of Belt Roadway of Coal Mine for Fire Control","S. Lisakov; A. Sidorenko; E. Sypin","Dept. of Methods and Means of Measuring and Automation, Biysk Technological Institute, Biysk, Russia; Dept. of Methods and Means of Measuring and Automation, Biysk Technological Institute, Biysk, Russia; Dept. of Methods and Means of Measuring and Automation, Biysk Technological Institute, Biysk, Russia",2021 IEEE 22nd International Conference of Young Professionals in Electron Devices and Materials (EDM),"16 Aug 2021","2021","","","287","295","The research was carried out to adapt a multi-criterial electro-optical system under the object in the form of the belt roadway of coal mine for fire control. The study was carried out based on computer simulation in the Fire Dynamics Simulator. Approach was determined for the placement of CO and CO2 concentration sensors and flame sensors. Approach ensure the minimum time for fire detection after reaching the maximum permissible CO concentration of 0.0017% vol. and by exceeding the CO/CO2 concentration ratio of the threshold of 0.03. Flame sensors are placed at points in the belt roadway with the highest values of registered irradiance. Fire scenario during ignition from friction of conveyor belt was considered for the airflow velocity Va from 0.5 to 4 m/s. The CO and CO2 sensors are placed as close as possible to the roof in the burning zone of conveyor belt. The distance from the CO and CO2 sensors to the likely place of fire is set taking into account the influence of airflow velocity Va on the distribution of CO and CO2 in the space of belt roadway. The distance from the CO and CO2 sensors to place of fire is set from 5 to 17 m for Va from 1.5 to 4 m/s. CO and CO2 sensors are located under the roof at distance of 100 to 300 m from each other in the linear part of belt roadway. This provides the detection time of no more than 600 s for Va from 0.5 to 4 m/s. The CO and CO2 sensors are placed in pairs under complex control using the CO/CO2 ratio. Flame sensors are oriented in the direction of airflow. Flame sensors are located in area with low concentration of combustion products at the height of 1.6 m from the floor and at the distance of 1 m from the place of ignition. The error of situations prediction by NAR type neural network was estimated. Error of prediction for the alarming situation does not exceed 19%, for the pre-emergency situation does not exceed 20%, for the emergency does not exceed 20%.","2325-419X","978-1-6654-1498-2","10.1109/EDM52169.2021.9507631","","https://ieeexplore.ieee.org/stamp/stamp.jsp?arnumber=9507631","multicriterial electro-optical system;fire;conveyor belt;placement of sensors;carbon monoxide;carbon dioxide","Friction;Computer simulation;Neural networks;Fires;Ignition;Belts;Sensors","","","","21","IEEE","16 Aug 2021","30 June-4 July 2021","30 June-4 July 2021","IEEE","IEEE Conferences"
"The Application of Fire Risk Evaluation Method in Fire Safety Evaluation for an Underground Shopping Mall","H. Ren; W. Chen; Y. He; N. Chang; H. Ren","Fire supervisory authority, Qitaihe Municipal Fire Brigade, Qitaihe, China; Fire supervisory authority, Qitaihe Municipal Fire Brigade, Qitaihe, China; Fundament Department, Chinese People''s Armed Police Force Academy, Langfang, China; Fundament Department, Chinese People''s Armed Police Force Academy, Langfang, China; Department of Force Management, Chinese People''s Armed Police Force Academy, Langfang, China",2009 International Conference on Information Engineering and Computer Science,"28 Dec 2009","2009","","","1","4","In the guidance of the thoughts from fire safety engineering and according to the kinetic mechanism of the occurrence and development of fire and the technological principle of fire prevention and control, this paper preliminarily studies the application of fire risk evaluation method in the fire safety engineering of an underground construction. By determining fire security goal, performance criterion and key fire danger zone, this paper uses FDS software to carry out a fire and smoke spread computer numerical simulation and obtains available safe evacuation time; simultaneously, it obtains required safe evacuation time in this underground construction by using an empirical formula computation method. After a comparison of these two kinds of time, it puts forward 6 measures to control fire smoke, which can provide reference for the improvement of this construction's fire safety planning and design.","2156-7387","978-1-4244-4994-1","10.1109/ICIECS.2009.5364965","","https://ieeexplore.ieee.org/stamp/stamp.jsp?arnumber=5364965","","Fires;Safety;Protection;Security;Helium;Risk management;Technology management;Engineering management;Kinetic theory;Force control","","2","","3","IEEE","28 Dec 2009","19-20 Dec. 2009","19-20 Dec. 2009","IEEE","IEEE Conferences"
"Fire Risk Analysis of Air-supported Membrane Structure Coal Storage Shed","G. Chai; G. Zhu; J. Zhou; Z. Wang; S. Gao; Y. Gao","Jiangsu Key Laboratory of Fire Safety in Urban Underground Space, School of Safety Engineering, China University of Mining and Technology, Xuzhou, China; Jiangsu Key Laboratory of Fire Safety in Urban Underground Space, School of Safety Engineering, China University of Mining and Technology, Xuzhou, China; Jiangsu Key Laboratory of Fire Safety in Urban Underground Space, School of Safety Engineering, China University of Mining and Technology, Xuzhou, China; Jiangsu Key Laboratory of Fire Safety in Urban Underground Space, School of Safety Engineering, China University of Mining and Technology, Xuzhou, China; Jiangsu Key Laboratory of Fire Safety in Urban Underground Space, School of Safety Engineering, China University of Mining and Technology, Xuzhou, China; Faculty of Geosciences and Environmental Engineering, Southwest Jiaotong University, Chengdu, China",2019 9th International Conference on Fire Science and Fire Protection Engineering (ICFSFPE),"6 Apr 2020","2019","","","1","9","Membrane structure coal shed is now widely used because of its economic, environment-friendly, convenient and fast construction. As a new type of building, there is a large amount of combustible coal stored in it, and its fire risk is self-evident. Therefore, it is necessary to ensure the safety of personnel under fire and the integrity of the building itself to meet its fire protection requirements. Based on a case of coal storage shed project, this paper tests and characterizes the ignition point and heat release of membrane structural materials, and carries out numerical simulation of fire in membrane structure coal shed. The structural stability under fire was analyzed by its temperature field, smoke spread and heat flow radiation. The results show that the critical ignition temperature of the membrane is 302.2 °C and the critical pilot heat flow is 16.5 kW/m2. Through the FDS numerical simulation of the membrane structure coal shed fire, the maximum temperature of the membrane structure surface in fire scenes 1 and 2 is 120 and 65 °C, respectively, and the heat flow is 5 and 2.5 kW/m2, which is lower than the critical ignition temperature obtained by the experiment. The critical ignition heat flow does not cause the membrane structure coal shed to be burned out of the hole, thereby affecting its structural stability. The visibility of smoke in fire scene 1 is not less than 10 m at 1350 s, while the visibility of smoke in fire scene 2 is less than 2 m at 1350 s, which seriously affects the safe evacuation of personnel. The membrane structure coal shed is a kind of air-powered fully enclosed structure. The air control inside the coal shed is very strict. Therefore, the corresponding air replacement system should be set to meet the safety under fire.","","978-1-7281-5322-3","10.1109/ICFSFPE48751.2019.9055817","","https://ieeexplore.ieee.org/stamp/stamp.jsp?arnumber=9055817","air-supported membrane structure;coal shed;fire safety;ignition temperature;ignition heat flux;smoke visibility","Heating systems;Meters;Buildings;Coal;Ignition;Numerical simulation;Combustion;Structural engineering;Personnel;Protection","","1","","19","IEEE","6 Apr 2020","18-20 Oct. 2019","18-20 Oct. 2019","IEEE","IEEE Conferences"
"Analysis of Fire Evolution Paths in Battery-Powered ship Based on CFD Simulation","W. Zhang; Z. Li; M. Zhang; L. Wang","School of Management, Wuhan Textile University, Wuhan, China; School of Management, Wuhan Textile University, Wuhan, China; School of Management, Wuhan Textile University, Wuhan, China; State Key Laboratory of Maritime Technology and Safety, Wuhan University of Technology, Wuhan, China",2025 8th International Conference on Transportation Information and Safety (ICTIS),"31 Oct 2025","2025","","","1070","1079","With the implementation of dual-carbon strategy and development of battery technology, battery-powered ships have been widely adopted worldwide. However, in recent years, fires involving battery-powered ships have occurred frequently. This paper provides a comprehensive review of literature on fire incidents related to batteries and battery-powered vessels, as well as exploring the radiation impacts caused by the thermal runaway of batteries. The study examines the impact of various factors—such as electrical equipment, human error, fire protection systems, and other variables—on fire development in inland battery-powered ships. Additionally, a scenario evolution diagram is proposed to illustrate the dynamic progression of fires aboard these vessels. The fire evolution paths are categorized into three types: positive, conventional, and negative. These paths are determined by factors such as the state of the fire protection systems, river wind conditions, the effectiveness of flame-retardant materials, and human operational factors. Finally, this paper demonstrates the application of the proposed methodology through a case study on container and bulk combination carrier. The model was developed by Fire Dynamics Simulation Software (FDS) to simulate conditions such as wind speed, temperature and sprinkler system performance in inland navigation. The findings demonstrate that inter-battery fires spread more rapidly. Existing flame-retardant materials primarily delay fire spread but do not extinguish the fire effectively. The sprinkler system, in turn, plays a cooling role but cannot fully suppress the fire source. Moreover, in the absence of effective countermeasures or in cases of human error, achieving the positive fire evolution path is challenging. Consequently, fires tend to follow the more dangerous negative path. The significant temperature difference between the slices and the detection point indicates that the internal battery temperature remains high. Which illustrates the phenomenon of battery reignition.","2832-899X","979-8-3315-9248-6","10.1109/ICTIS68762.2025.11214856","","https://ieeexplore.ieee.org/stamp/stamp.jsp?arnumber=11214856","Battery-powered ship;Fire;Evolution;CFD","Temperature measurement;Heating systems;Temperature;Wind speed;Human factors;Emergency services;Battery charge measurement;Batteries;Marine vehicles;Protection","","","","25","IEEE","31 Oct 2025","16-19 July 2025","16-19 July 2025","IEEE","IEEE Conferences"
