"Document Title",Authors,"Author Affiliations","Publication Title",Date Added To Xplore,"Publication Year","Volume","Issue","Start Page","End Page","Abstract","ISSN",ISBNs,"DOI",Funding Information,PDF Link,"Author Keywords","IEEE Terms","Mesh_Terms",Article Citation Count,Patent Citation Count,"Reference Count","License",Online Date,Issue Date,"Meeting Date","Publisher",Document Identifier
"An Agent-Based Simulation Model for Occupant Evacuation under Fire Conditions","S. Yi; J. Shi","Shanghai Institute of Technology, Shanghai, China; Shanghai Jiao Tong University, Shanghai, China",2009 WRI Global Congress on Intelligent Systems,"21 Aug 2009","2009","1","","27","31","In this paper, an agent-based simulation model is presented to simulate occupant evacuation in fire environment. Based on the agent technology, a computer program is developed to simulate and analyze the egress progress in large public buildings. Through simulation, the occupant behaviors and fire safety performance of different architecture plans can be investigated and analyzed in case of emergency. A CFD (computational fluid dynamics) model is integrated into the model to simulate fire scenarios. By coupling with the fire scenario simulated by CFD technology, the computer simulation program may represent the overall and dynamic process of occupantspsila evacuation under fire expansion, and the mutual relationship between occupantspsila safety and fire hazard. A case study was presented to indicate that the model can be applied to evaluate the fire safety and evacuation efficiency of large public buildings.","2155-6091","978-0-7695-3571-5","10.1109/GCIS.2009.442","","https://ieeexplore.ieee.org/stamp/stamp.jsp?arnumber=5209034","","Fires;Computational modeling;Computer simulation;Safety;Computational fluid dynamics;Analytical models;Buildings;Computer architecture;Performance analysis;Mutual coupling","","4","","10","IEEE","21 Aug 2009","19-21 May 2009","19-21 May 2009","IEEE","IEEE Conferences"
"Implementing game artificial intelligence to decision making of agents in emergency egress","M. N. M. Othman; H. Haron","Universiti Teknologi Malaysia, Johor, Malaysia; Universiti Teknologi Malaysia, Johor, Malaysia",2014 8th. Malaysian Software Engineering Conference (MySEC),"18 Dec 2014","2014","","","316","320","Evacuation is the movement of people away from threat in order to minimize loss. In deriving a proper evacuation plan, traditional approach or computer simulation may be used. There are wide selections of evacuation model currently made available, which can be categorized into three major approaches. Of all three modelling approach, Multi Agent System (MAS) model is considered as the best approach, in which it provides a realistic insight into evacuation process by including the human factor. Still, it leaves much room for improvement. This paper proposes an algorithm composed of two popular techniques from the field of Game Artificial Intelligence (Game AI), namely Behaviour Tree and Utility-Based AI, which will be applied in the decision making process of an agent. This algorithm is develop to simulate a realistic decision making process that can reflect a human thinking process, in order to overcome the issue of intention persistence of an agent in MAS model.","","978-1-4799-5439-1","10.1109/MySec.2014.6986036","","https://ieeexplore.ieee.org/stamp/stamp.jsp?arnumber=6986036","Evacuation;Egress;Multi Agent System;Behavior Tree;Utility-Based AI","Artificial intelligence;Games;Computational modeling;Decision making;Multi-agent systems;Buildings;Automata","","3","","10","IEEE","18 Dec 2014","23-24 Sept. 2014","23-24 Sept. 2014","IEEE","IEEE Conferences"
"A simulation model for crowd evacuation of fire emergency scenario","N. Akma Abu Bakar; K. Adam; M. A. Majid; M. Allegra","Faculty of Computer System & Software Engineering, Universiti Malaysia Pahang, Kuantan, Pahang, MY; Faculty of Computer System & Software Engineering, Universiti Malaysia Pahang; Faculty of Computer System & Software Engineering, Universiti Malaysia Pahang; National Research Council of Italy, Institute for Educational Technologies(CNR-ITD), Palermo, Italy",2017 8th International Conference on Information Technology (ICIT),"23 Oct 2017","2017","","","361","368","Human safety is an important issue when handling the crowd evacuation in order to avoid death and injuries. Human behavior changes from normal to panic behavior when they are in an emergency scenario such as building on fire. Modelling panic behavior on evacuee is a critical challenge as the human movement is unpredictable. Simulation (example: Discrete Event Simulation and Agent-Based Simulation) is a well-known method to investigate crowd evacuation. But the question here is: Which simulation method is suitable to model a realistic representation of crowd evacuation? Thus, in this paper, a simulation model based on Agent-Based Simulation (ABS) and Social Force Simulation (SFS) Model is proposed to improve on modelling fire evacuation in a closed space (building). To achieve the above research aim, three simulation models (ABS Model, SFS Model and a hybrid of ABS and SFS model) will be developed and compared. This paper will discuss on the development of conceptual model of these three simulation models. Later, the conceptual models will be used to represent the investigated simulation models.","","978-1-5090-6332-1","10.1109/ICITECH.2017.8080027","","https://ieeexplore.ieee.org/stamp/stamp.jsp?arnumber=8080027","crowd evacuation;simulation model;social force model;agent-based model;hybrid model;simulation optimization;conceptual Model","Fires;Tools;Buildings;Force;Information technology;Predictive models","","5","","38","IEEE","23 Oct 2017","17-18 May 2017","17-18 May 2017","IEEE","IEEE Conferences"
"Modeling Crowd and Trained Leader Behavior during Building Evacuation","N. Pelechano; N. I. Badler","Computer and information science, University of Pennsylvania; Computer and information science, University of Pennsylvania",IEEE Computer Graphics and Applications,"13 Nov 2006","2006","26","6","80","86","This article considers animating evacuation in complex buildings by crowds who might not know the structure's connectivity, or who find routes accidentally blocked. It takes into account simulated crowd behavior under two conditions: where agents communicate building route knowledge, and where agents take different roles such as trained personnel, leaders, and followers","1558-1756","","10.1109/MCG.2006.133","","https://ieeexplore.ieee.org/stamp/stamp.jsp?arnumber=4012568","crowd simulation;group navigation;autonomous agents;psychosocial behavior;pedestrians;wayfinding","Portals;Hazards;Navigation;Cognitive science;Fires;Floors;Accidents;Multiagent systems;Centralized control;Communication system control","Computer Graphics;Computer Simulation;Crowding;Leadership;Models, Biological;Population Dynamics;Security Measures","200","","11","IEEE","13 Nov 2006","Nov.-Dec. 2006","","IEEE","IEEE Magazines"
"Multi agent with multi behavior based on particle swarm optimization (PSO) for crowd movement in fire evacuation","H. Junaedi; M. Hariadi; I. K. E. Purnama","Electrical Engineering Department, Institut Teknologi Sepuluh Nopember, Surabaya, Indonesia; Electrical Engineering Department, Institut Teknologi Sepuluh Nopember, Surabaya, Indonesia; Electrical Engineering Department, Institut Teknologi Sepuluh Nopember, Surabaya, Indonesia",2013 Fourth International Conference on Intelligent Control and Information Processing (ICICIP),"25 Jul 2013","2013","","","366","372","A Simulation of human behavior are challenge topics of research in computer intelligent that has many benefits, such as to create a simulation of evacuation plan in a building when a disaster happens, like a fire and an earthquake. For evacuation of the building simulation of human behavior is needed to know which path will be passed through by the crowd. This animation simulation will use particle swarm algorithm optimization as the algorithm based with multiple behaviors and multiple targets. In this simulation, we add the behaviour of avoiding crashed between human and the algorithm modification is done which is a leader character is added. The leader behavior will lead the other agent to get out of the room. This agent based simulation movement will simulate movement in a room when an alarm signal is given, then the agent will get out of the room either individually or in groups. In this research we will use three scenario.We will compared the use of multiple target than single target and the use of leader follower behavior in any different number of agents.From the test result is obtained that the use of multiple target is much better result than use a single target and the behavior of the agent is depend on the movement of the crowd. Utilization of multibehavior with the leader characteristic who direct the other agent to reach target is more useful because it will reach the target more faster but the number of agents will affect the optimal number of leader needed.","","978-1-4673-6249-8","10.1109/ICICIP.2013.6568099","","https://ieeexplore.ieee.org/stamp/stamp.jsp?arnumber=6568099","Agent behavior;Simulation;Fire evacuation;Particle Swarm Optimization;Crowd movement","Birds;Computational modeling;Particle swarm optimization;Fires;Buildings;Sociology;Statistics","","6","","10","IEEE","25 Jul 2013","9-11 June 2013","9-11 June 2013","IEEE","IEEE Conferences"
"Simulation on occupant evacuation during aircraft emergency based on cellular automata","D. Hong-bing; Y. Xiao-fang; F. Zhen-yu","College of Flight Technique, Civil Aviation University of China, Tianjin, China; College of Flight Technique, Civil Aviation University of China, Tianjin, China; Tianjin Key Laboratory of Civil Aircraft Airworthiness and Maintenance, Civil Aviation University of China, Tianjin, China",2017 4th International Conference on Transportation Information and Safety (ICTIS),"21 Sep 2017","2017","","","716","721","The characteristics of occupant evacuation during aircraft emergency were analyzed according to emergency evacuation guidance systems, light intensity and evacuees. Evacuees included occupant's physiological characteristics and their psychological characteristics. The occupant's physiological characteristics were mainly related to panic, pressure and conformity. The psychological characteristics involved in waist circumference, age, gender and height. The above factors were applied to the aircraft emergency evacuation simulation on cellular automata. Then, the cabin environment model and the occupant model were presented. The occupant model included individual pre-reaction time submodel, cabin channel velocity submodel and escape time submodel of exit. Study shows that the results could provid an auxiliary verification information for aircraft initial certification, and could provide strategic guidance for airline to carry out personnel evacuation and emergency training for employees.","","978-1-5386-0437-3","10.1109/ICTIS.2017.8047846","","https://ieeexplore.ieee.org/stamp/stamp.jsp?arnumber=8047846","simulation model;cellular automata;emergency evacuation;civil aircraft","Aircraft;Atmospheric modeling;Automata;Logic gates;Physiology;Personnel","","2","","18","IEEE","21 Sep 2017","8-10 Aug. 2017","8-10 Aug. 2017","IEEE","IEEE Conferences"
"Cellular Automata Modelling of the Movement of People with Disabilities during Building Evacuation","P. Kontou; I. G. Georgoudas; G. A. Trunfio; G. C. Sirakoulis","Department of Electrical and Computer Engineering, Democritus University of Thrace (DUTh), Xanthi, Greece; Department of Electrical and Computer Engineering, Democritus University of Thrace (DUTh), Xanthi, Greece; Department of Electrical and Computer Engineering, Democritus University of Thrace (DUTh), Xanthi, Greece; Department of Electrical and Computer Engineering, Democritus University of Thrace (DUTh), Xanthi, Greece","2018 26th Euromicro International Conference on Parallel, Distributed and Network-based Processing (PDP)","7 Jun 2018","2018","","","550","557","This study deals with the evacuation of areas that involve people with disabilities. A crowd evacuation model has been developed using the Cellular Automata (CA) parallel computing tool. This model is capable of simulating and evaluating human behavior and special features that exist when people with disabilities are included in the process of evacuation. During the experimental process, the model simulates the evacuation of a secondary school for disabled children in the prefecture of Xanthi. After attendance and observation of an earthquake safety exercise organized by this school, the total evacuation time is recorded. At the end of this study, the developed model is validated on the basis of actual data and useful conclusions are drawn for the specific application area. In addition, with the modification of the original data, the model is applicable to every building case.","2377-5750","978-1-5386-4975-6","10.1109/PDP2018.2018.00093","","https://ieeexplore.ieee.org/stamp/stamp.jsp?arnumber=8374516","cellular automata (CA);evacuation;modeling;people with disabilities;safety;school","Computational modeling;Earthquakes;Mathematical model;Buildings;Microscopy;Automata;Safety","","9","","38","IEEE","7 Jun 2018","21-23 March 2018","21-23 March 2018","IEEE","IEEE Conferences"
"Agent-based Simulation for IoT Facilitated Building Evacuation","J. Dugdale; M. T. Moghaddam; H. Muccini","University Grenoble Alps, Grenoble Informatics Lab (LIG), France; DISIM, University of L’ Aquila, Italy; DISIM, University of L’ Aquila, Italy",2019 International Conference on Information and Communication Technologies for Disaster Management (ICT-DM),"12 Mar 2020","2019","","","1","8","The Internet of Things (IoT) has changed our approach to safety systems by connecting sensors and providing real-time data to endangered people in emergency fire situations. In an emergency, evacuating a building in the shortest time possible is essential. Although optimisation methods give a best case scenario, they do not reflect the realism of actual evacuations. We combine a network flow optimisation algorithm with agent based social simulation to provide more realistic evacuation scenarios. Individual occupants are modelled as computational agents in the simulator. Agents are heterogenous and exhibit social attachment to others and vary their speed of movement. A Belief-Desire-Intention (BDI) agent architecture is used to model the cognitive reasoning of individual agents. The work is applied to a real building, equipped with IoT sensors whose data feed into the network flow model. The results show that: the network flow algorithm performs better than the shortest path algorithm and avoids congestion in building bottlenecks; social attachment slows down evacuation; internal adjacently placed doubled doors are better than having a single double width door for increasing evacuation.","2643-6868","978-1-7281-4920-2","10.1109/ICT-DM47966.2019.9032909","","https://ieeexplore.ieee.org/stamp/stamp.jsp?arnumber=9032909","Building evacuation;Agent-based social simulation;Internet of Things;Network optimization","Buildings;Optimization;Sensors;Real-time systems;Software algorithms;Software;Routing","","10","","34","IEEE","12 Mar 2020","18-20 Dec. 2019","18-20 Dec. 2019","IEEE","IEEE Conferences"
"Enhancing Building Evacuation Efficiency in Case of Fire Breakout by Integrating Evacuee Categorization Into an Agent-Based Simulation","S. K. Kasereka; N. E. Kalondji; G. W. K. Ilunga; R. -B. M. Ngoie; K. Kyamakya; N. M. Kasoro","Department of Mathematics, Statistics and Computer Science, University of Kinshasa, Kinshasa, Democratic Republic of the Congo; Department of Mathematics, Statistics and Computer Science, University of Kinshasa, Kinshasa, Democratic Republic of the Congo; Faculty of Computer Science, Université Nouveaux Horizons, Lubumbashi, Democratic Republic of the Congo; ABIL Research Center, Kinshasa, Democratic Republic of the Congo; Institute of Smart Systems Technologies, University of Klagenfurt, Klagenfurt am Wörthersee, Austria; Department of Mathematics, Statistics and Computer Science, University of Kinshasa, Kinshasa, Democratic Republic of the Congo",IEEE Access,"22 Jan 2025","2025","13","","10595","10618","Evacuating occupants from a burning building presents significant challenges owing to the complex interplay between environmental factors and evacuee behavior. Numerous models have been proposed in recent years for building evacuation during fire emergencies. However, many of these models fail to adequately account for variations in individuals’ environmental knowledge and health statuses, both of which can critically affect the evacuation process. To address this gap, this study introduces an agent-based model for building evacuation that differentiates between individuals familiar with the building layout and those who are not and considers the health status of the occupants. The resulting model assigns specific evacuation strategies tailored to each group within the building. Simulations carried out in a hospital setting demonstrated that incorporating factors such as familiarity with a building’s configuration and the health status of the evacuees results in more realistic and effective evacuation outcomes. To evaluate the robustness of the proposed model and highlight the significance of our contribution, we conducted multiple simulations in various high-risk settings and presented a benchmarking study that compared our model with several existing models from the literature. The proposed model is sufficiently generalized to be applicable to various types of hospital buildings, with minimal modifications.","2169-3536","","10.1109/ACCESS.2025.3525480","ABIL Research Center(grant numbers:0011A); ","https://ieeexplore.ieee.org/stamp/stamp.jsp?arnumber=10820974","Evacuation modeling;agent-based modeling;intelligent agents;fire breakout;hospital building;high-risk settings;model simulation","Buildings;Unified modeling language;Mathematical models;Hospitals;Planning;Disasters;Layout;Heating systems;Complex systems;Agent-based modeling","","2","","32","CCBY","3 Jan 2025","2025","","IEEE","IEEE Journals"
"Swarm Interaction-Based Simulation of Occupant Evacuation","G. Fang; N. M. Kwok; Q. P. Ha","School of Engineering, University of Western Ontario, Penrith, NSW, Australia; Faclty of Engineering and Information Technolory, Sydney University of Technology, Broadway, NSW, Australia; Faclty of Engineering and Information Technolory, Sydney University of Technology, Broadway, NSW, Australia",2008 IEEE Pacific-Asia Workshop on Computational Intelligence and Industrial Application,"20 Jan 2009","2008","2","","329","333","The understanding of occupant responses during an evacuation is crucial for improving the design of effective escape routes. We propose a swarm interaction-based approach for the simulation of occupants evacuating from an enclosed environment. This method contributes to the research in evacuation processes that adopts the family of cellular automata models. It is shown that the trajectories followed by occupants in evacuation could be mimicked by the social interactions among them and their self-experiences of the individuals. Simulation results of the evacuation from a single exit enclosure are included to illustrate the feasibility of the proposed approach in representing evacuation phenomena such as jamming and clogging.","","978-0-7695-3490-9","10.1109/PACIIA.2008.244","","https://ieeexplore.ieee.org/stamp/stamp.jsp?arnumber=4756790","PSO;occupant evacuation;interaction-based evacuation","Conferences;Computational intelligence;Computer industry","","3","","14","IEEE","20 Jan 2009","19-20 Dec. 2008","19-20 Dec. 2008","IEEE","IEEE Conferences"
"Coordinated Autonomous Drones for Human-Centered Fire Evacuation in Partially Observable Urban Environments","M. G. Mendoza; A. Kalanther; D. Bostwick; E. Stephan; C. Maheshwari; S. Sastry","Mechanical Engineering University of California, Berkeley, Berkeley, USA; Electrical Engineering and Computer Sciences University of California, Berkeley, Berkeley, California; Electrical Engineering and Computer Sciences University of California, Berkeley, Berkeley, USA; Electrical Engineering and Computer Sciences University of California, Berkeley, Berkeley, USA; Electrical and Computer Engineering Johns Hopkins University, Baltimore, USA; Electrical Engineering and Computer Sciences University of California, Berkeley, Berkeley, USA",2025 IEEE Global Humanitarian Technology Conference (GHTC),"4 Dec 2025","2025","","","01","08","Autonomous drone technology holds significant promise for enhancing search and rescue operations during evacuations by guiding humans toward safety and supporting broader emergency response efforts. However, their application in dynamic, real-time evacuation support remains limited. Existing models often overlook the psychological and emotional complexity of human behavior under extreme stress. In realworld fire scenarios, evacuees frequently deviate from designated safe routes due to panic and uncertainty. To address these challenges, this paper presents a multiagent coordination framework in which autonomous Unmanned Aerial Vehicles (UAVs) assist human evacuees in real-time by locating, intercepting, and guiding them to safety under uncertain conditions. We model the problem as a Partially Observable Markov Decision Process (POMDP), where two heterogeneous UAV agents-a high-level rescuer (HLR) and a lowlevel rescuer (LLR)-coordinate through shared observations and complementary capabilities. Human behavior is captured using an agent-based model grounded in empirical psychology, where panic dynamically affects decision-making and movement in response to environmental stimuli. The environment features stochastic fire spread, unknown evacuee locations, and limited visibility, requiring UAVs to plan over long horizons to search for humans and adapt in realtime. Our framework employs the Proximal Policy Optimization (PPO) algorithm with recurrent policies to enable robust decision-making in partially observable settings. Simulation results demonstrate that the UAV team can rapidly locate and intercept evacuees, significantly reducing the time required for them to reach safety compared to scenarios without UAV assistance. 11We provide access to more details for results and the simulation at https://solid.eecs.berkeley.edu/humanitarian-response/UAV coordination, Partial Observability, Disaster Relief","2473-5728","979-8-3315-9502-9","10.1109/GHTC66843.2025.11266444","National Science Foundation (NSF); ","https://ieeexplore.ieee.org/stamp/stamp.jsp?arnumber=11266444","Fire Evacuation;Multi-agent System;Agent based Modeling;Reinforcement Learning;Emergency Robotics;UAV coordination;Partial Observability;Disaster Relief","Simulation;Disasters;Decision making;Urban areas;Psychology;Autonomous aerial vehicles;Emergency services;Real-time systems;Observability;Drones","","","","20","IEEE","4 Dec 2025","22-25 Oct. 2025","22-25 Oct. 2025","IEEE","IEEE Conferences"
"A Multi-Objective Simulation-Based Optimization Framework for Multi-Agent Phased Evacuation Strategies in Fire *","F. Golshani; L. Fang","Department of Mechanical, Industrial, and Mechatronics Engineering, Toronto Metropolitan University, Toronto, Canada; Department of Mechanical, Industrial, and Mechatronics Engineering, Toronto Metropolitan University, Toronto, Canada","2025 IEEE International Conference on Systems, Man, and Cybernetics (SMC)","28 Jan 2026","2025","","","5895","5900","This study proposes a multi-agent-based simulation and optimization framework to enhance phased evacuation strategies by integrating fire dynamics, evacuees’ characteristics, and evacuation processes. Unlike conventional models, this framework probabilistically assesses the integrated effects of heat, asphyxiant gases, and irritant gases on different evacuees’ incapacitation. The Non-dominated Sorting Genetic Algorithm III (NSGA-III), coupled with a trained neural network, is employed to find optimal phased evacuation strategies considering the Total Evacuation Time (TET), congestion, and fire impact. To assess its effectiveness, the framework is applied to a fire scenario in an educational building, comparing simultaneous and phased evacuation strategies. Results demonstrate that the selected phased evacuation strategy significantly enhances evacuation efficiency, reducing TET, congestion, and fire impact by 14.8%, 33.3%, and 13.1%, respectively. These findings underscore the framework’s potential for improving fire evacuation planning, providing a simulation-based approach to optimizing evacuation strategies and enhancing safety in fire.","","979-8-3315-3358-8","10.1109/SMC58881.2025.11342627","","https://ieeexplore.ieee.org/stamp/stamp.jsp?arnumber=11342627","","Heating systems;Gases;Neural networks;Probabilistic logic;Safety;Planning;Optimization;Cybernetics;Sorting;Genetic algorithms","","","","30","IEEE","28 Jan 2026","5-8 Oct. 2025","5-8 Oct. 2025","IEEE","IEEE Conferences"
"A probabilistic cellular automata ant memory model for a swarm of foraging robots","D. A. Lima; G. M. B. Oliveira","Faculdade de Computação (FACOM), Universidade Federal de Uberlandia (UFU), Brasil; Faculdade de Computação (FACOM), Universidade Federal de Uberlandia (UFU), Brasil","2016 14th International Conference on Control, Automation, Robotics and Vision (ICARCV)","2 Feb 2017","2016","","","1","6","Foraging is one of the most popular tasks for multi-robot systems and it can be considered a metaphor for a broad class of problems. The complexity of the problem increases proportionally with the number of agents, due to the fact that all robots must act in cooperation to complete the task. The proposed model employs a combination of different natural swarm behavior techniques to control a team of robots. It was named robot probabilistic cellular automata ant memory (RPCAAM). Our inspiration came from the possibility to mimic the cognitive behaviors of foraging ants with those of pedestrians in a building evacuation. The proposed probabilistic homing can avoid inertial behavior near the nests, which improves team performance. Furthermore, some investigations into robot-robot and robot-obstacles conflicts were improved to make the model more adequate to real-world applications. The probabilistic model was contrasted with deterministic homing. Moreover, the proposed method was implemented in a robotics simulation environment called Webots. Simulation results indicate that foraging tasks could be implemented with low complexity in low-cost architectures.","","978-1-5090-3549-6","10.1109/ICARCV.2016.7838615","","https://ieeexplore.ieee.org/stamp/stamp.jsp?arnumber=7838615","Cellular automata;Swarm Robotics;Pedestrian Dynamics;Inverted Ants Pheromone;Tabu Search","Collision avoidance;Probabilistic logic;Biological system modeling;Mathematical model;Automata;Green products","","13","","25","IEEE","2 Feb 2017","13-15 Nov. 2016","13-15 Nov. 2016","IEEE","IEEE Conferences"
"Which Behavior Is Best in a Fire Evacuation: Simulation with the Metro Supermarket of Hanoi","M. H. Nguyen; T. V. Ho; T. N. A. Nguyen; J. -D. Zucker","Posts and Telecommunications Institute of Technology, Hanoi, Vietnam; UMI 209 UMMISCO, Institut de la Francophonie pour l'Informatique, Hanoi, Vietnam; UMI 209 UMMISCO, Institut de la Francophonie pour l'Informatique, Hanoi, Vietnam; UMI 209 UMMISCO, Institut de la Francophonie pour l'Informatique, Hanoi, Vietnam","2012 IEEE RIVF International Conference on Computing & Communication Technologies, Research, Innovation, and Vision for the Future","15 Mar 2012","2012","","","1","6","A problem arises in many fire evacuations, especially in a public site like a supermarket: what is better, following the one's own path, following the crowd, or following the evacuation signs which indicate the evacuation direction? This paper presents a model and simulations of these three behaviors in the realistic environment of the Metro supermarket of Hanoi. The simulations indicate that in case of a fire evacuation of the Metro supermarket of Hanoi: the average time to escape in case of following the evacuation signs is shorter and the power lost is lower than following the own path or following the crowd. Additionally, in the general view, following the evacuation signs got higher the % of survivals and lower the % of death than following the one's own path or following the crowd.","","978-1-4673-0309-5","10.1109/rivf.2012.6169851","","https://ieeexplore.ieee.org/stamp/stamp.jsp?arnumber=6169851","","Buildings;Humans;Data models;Computational modeling;Fires;Auditory system;Simulation","","2","","12","IEEE","15 Mar 2012","27 Feb.-1 March 2012","27 Feb.-1 March 2012","IEEE","IEEE Conferences"
"An Evacuation Navigation Model Considering Fire's Impact on Escape Capability of Evacuees*","F. Golshani; L. Fang","Department of Mechanical and Industrial Engineering, Toronto Metropolitan University, Toronto, ON, Canada; Department of Mechanical and Industrial Engineering, Toronto Metropolitan University, Toronto, ON, Canada","2023 IEEE International Conference on Systems, Man, and Cybernetics (SMC)","29 Jan 2024","2023","","","3271","3276","An evacuation navigation model incorporating a fire's detrimental effect on evacuees' escape capability is presented. Fire is one of the most common hazards in buildings that severely impacts evacuees' escape capability. A fire dynamics model is used to simulate dynamics of a fire at various locations in a building. An index, called Capability Deterioration Rate (CDR), is introduced to model how fire effluents, such as smoke, heat, and toxic gases, impact escape capability spatiotemporally. This index is incorporated into a modified Dijkstra algorithm by changing weights of navigation edges. An agent-based model taking into account the fire dynamics and escape capability is used to simulate an agent's evacuation from a location to minimize the total travel cost from the location to an egress door. A three-floor building is used as a case study to demonstrate the application and effectiveness of the proposed model. The proposed model can be used to evaluate and select the best navigation plan in terms of escape capability under various fire scenarios.","2577-1655","979-8-3503-3702-0","10.1109/SMC53992.2023.10394397","Natural Sciences and Engineering Research Council (NSERC) of Canada; ","https://ieeexplore.ieee.org/stamp/stamp.jsp?arnumber=10394397","Fire evacuation;Navigation;Dijkstra algorithm;Agent-based modeling;Fire escape capability","Costs;Navigation;Buildings;Effluents;Hazards;Spatiotemporal phenomena;Indexes","","1","","34","IEEE","29 Jan 2024","1-4 Oct. 2023","1-4 Oct. 2023","IEEE","IEEE Conferences"
"Method of providing effective building evacuation routes during dynamically changing and emergent situations","T. Niwa; T. Takahashi",Meijo University; Meijo University,2015 IEEE/SICE International Symposium on System Integration (SII),"11 Feb 2016","2015","","","823","827","During an emergency, personnel in emergency response departments transmit predetermined emergency broadcast announcements to promote smooth evacuation of the building's occupants. Fire and smoke proof shutters installed in buildings will close automatically or can be closed manually to prevent fire and smoke from spreading. Emergencies are generally not exactly the same as the ones for which the announcements were prepared. It is highly desirable to have announcements change in accordance to match the emergencies for effectively guiding people to safe places. Nowadays, almost everyone has a mobile phone; hence, we propose a guidance system using smartphones that can provide more useful information than traditional guideboards or the predetermined announcements. In this paper, a method that provides effective guidance according to opening-closing of the shutters during emergencies is discussed.","","978-1-4673-7242-8","10.1109/SII.2015.7405086","","https://ieeexplore.ieee.org/stamp/stamp.jsp?arnumber=7405086","","Buildings;Smart phones;Emergency services;Alarm systems;Libraries;Fires;Planning","","1","","7","IEEE","11 Feb 2016","11-13 Dec. 2015","11-13 Dec. 2015","IEEE","IEEE Conferences"
"A Building Evacuation Model Integrated with Multiple Algorithms","X. Zhao; X. Liu; X. Gong; S. Jing; J. He","The State Key Laboratory of Management and Control for Complex Systems, Institute of Automation; The State Key Laboratory of Management and Control for Complex Systems, Institute of Automation; The State Key Laboratory of Management and Control for Complex Systems, Institute of Automation; The State Key Laboratory of Management and Control for Complex Systems, Institute of Automation; Beijing University of Technology, BeiJing, China",2019 Chinese Automation Congress (CAC),"13 Feb 2020","2019","","","5359","5364","Due to the increasing frequency of terrorist attacks all over the world, we designed an emergency evacuation model under the situation of the terrorist attacks. This model uses the Ant Colony Optimization (ACO) as a macro solution, the Cellular Automata (CA) as a micro-control method, and the Queuing Theory Model (QTM) to solve the queuing problem of escape exits. Based on the model we built, the optimized evacuation plan under different conditions were obtained.","2688-0938","978-1-7281-4094-0","10.1109/CAC48633.2019.8997187","","https://ieeexplore.ieee.org/stamp/stamp.jsp?arnumber=8997187","evacuation;queuing theory model;improved cellular automaton;ant colony optimization","Automata;Queueing analysis;Terrorism;Ant colony optimization;Analytical models;Standards;Buildings","","1","","12","IEEE","13 Feb 2020","22-24 Nov. 2019","22-24 Nov. 2019","IEEE","IEEE Conferences"
"Numerical Simulation for Fire Emergency Planning in a Home Appliances Factory","W. Chanthakhot; K. Ransikabum","Department of Industrial Engineering, Ubon Ratchathani University, Ubon Ratchathani, Thailand; Department of Industrial Engineering, Ubon Ratchathani University, Ubon Ratchathani, Thailand","2019 Research, Invention, and Innovation Congress (RI2C)","17 Feb 2020","2019","","","1","5","Home Appliances (HA) factories commonly use fire combustible materials in manufacturing process, such as paper and plastic. When the fire occurs, the flammable materials rapidly and excessively heat and smoke. Lack of fire management plan can result in property damage and casualties. Thus, it is essential to evaluate risk from fire in order to plan for fire evacuation properly. In this study, we aim to simulate fire in HA factory comprised of industrial area, storage space, and offices., The Fire Dynamics Simulator (FDS) software called PyroSim is used to analyze the simulated fire; in which the spread of smoke, the temperature profile, the potential visibility, and CO2 are analyzed. The initial results show that the fire-smoke will spread very rapidly and can completely block the visibility of the escape routes from the fire room after about 4 minutes from when the fire occurs. This study is expected to not only give an understanding of fire characteristics, but also to make a proper decision regarding fire protection designs and to assess evacuation plans.","","978-1-7281-4100-8","10.1109/RI2C48728.2019.8999928","","https://ieeexplore.ieee.org/stamp/stamp.jsp?arnumber=8999928","fire dynamics simulation (FDS);smoke spread;home appliances factory;emergency planning","Home appliances;Technological innovation;Temperature;Buildings;Production facilities;Planning;Plastics","","4","","23","IEEE","17 Feb 2020","11-13 Dec. 2019","11-13 Dec. 2019","IEEE","IEEE Conferences"
"Research on Highway Tunnel Fire Evacuation Model Incorporating Individual Autonomous Decision-Making","L. Tao; T. Zhang; B. Liu","School of Transportation and Logistics Engineering, Wuhan University of Technology, Wuhan; Wuhan Jianghan District Urban Management Law Enforcement Bureau, Wuhan Jianghan District Urban Management Law Enforcement Bureau, Wuhan, China; School of Transportation and Logistics Engineering, Wuhan University of Technology, Wuhan",2025 8th International Conference on Transportation Information and Safety (ICTIS),"31 Oct 2025","2025","","","838","844","Highway tunnels are a critical component of urban transportation infrastructure. In emergency situations such as fires, the evacuation efficiency within tunnels directly impacts public safety and property protection. Existing evacuation models often fail to account for individual behavioral decision-making during fire evacuations, resulting in discrepancies from real-world scenarios. This paper integrates the cellular automaton model to simulate the evacuation environment, treating individuals within cells as autonomous decision-making agents, and constructs transfer rules based on the field strength model, successfully establishing a tunnel fire evacuation simulation system. Experimental results demonstrate that individual decision-making significantly influence the overall evacuation process. Individuals farther from the fire source exhibit greater evacuation lag, while fires closer to the exit notably reduce evacuation efficiency. Timely guidance for pedestrians and improvements in evacuation efficiency are essential for ensuring personnel safety.","2832-899X","979-8-3315-9248-6","10.1109/ICTIS68762.2025.11214899","","https://ieeexplore.ieee.org/stamp/stamp.jsp?arnumber=11214899","tunnel fire;evacuation behavior;autonomous decision-making;cellular automaton;simulation","Road transportation;Couplings;Decision making;Thermal engineering;Transportation;Automata;Thermal force;Data models;Thermal stresses;Stress","","","","13","IEEE","31 Oct 2025","16-19 July 2025","16-19 July 2025","IEEE","IEEE Conferences"
"An Improved Algorithm of the Cellular Automata on the Evacuation Simulation","S. Zhou; J. Meng","Basic Department, China Institute of Industrial Relations, Beijing, China; College of Information Engineering, Capital Normal University, Beijing, China",2008 International Workshop on Education Technology and Training & 2008 International Workshop on Geoscience and Remote Sensing,"10 Jun 2009","2008","1","","807","810","A two-dimensional cellular automata model of simulating public building evacuation process was proposed. Cellular space and cellular states were defined. Rules of individualpsilas evacuation behavior were established. Sheep metal and building structure impact on evacuation were discussed. The rationality of simulation was supported by experimental results.","","978-0-7695-3563-0","10.1109/ETTandGRS.2008.240","","https://ieeexplore.ieee.org/stamp/stamp.jsp?arnumber=5070274","cellular automaton;evacuation simulation","Buildings;Computational modeling;Biological system modeling;Space technology;Traffic control;Fires;Educational technology;Industrial training;Geoscience and remote sensing;Industrial relations","","","","10","IEEE","10 Jun 2009","21-22 Dec. 2008","21-22 Dec. 2008","IEEE","IEEE Conferences"
"Study on the Evacuation Simulation Based on Cellular Automata","S. Zhou","Institute of Computer Network Application, China Institute of Industrial Relations, Beijing, China",2009 International Conference on Information Technology and Computer Science,"4 Aug 2009","2009","2","","481","484","A two-dimensional cellular automata model of simulating public building evacuation process was proposed. Cellular space and cellular states were defined. Rules of individualpsilas evacuation behavior were established. Sheep metal and building structure impact on evacuation were discussed. The rationality of simulation was supported by experimental results.","","978-0-7695-3688-0","10.1109/ITCS.2009.233","","https://ieeexplore.ieee.org/stamp/stamp.jsp?arnumber=5190283","cellular automata;crowd evacuation;evacuation simulation;competition ability","Buildings;Computational modeling;Biological system modeling;Fires;Traffic control;Information technology;Computer science;Computer simulation;Computer networks;Application software","","2","","10","IEEE","4 Aug 2009","25-26 July 2009","25-26 July 2009","IEEE","IEEE Conferences"
"Simulation of Fire Emergency Evacuation in Metro Station Based on Cellular Automata","X. Zhang; Q. Zhong; Y. Li; W. Li; Q. Luo","College of Urban Transportation and Logistics, Shenzhen Technology University; College of Urban Rail Transit, Shenzhen University, Shenzhen, China; College of Urban Rail Transit, Shenzhen University, Shenzhen, China; College of Urban Transportation and Logistics, Shenzhen Technology University; College of Urban Transportation and Logistics, Shenzhen Technology University",2018 3rd IEEE International Conference on Intelligent Transportation Engineering (ICITE),"18 Oct 2018","2018","","","40","44","Evaluating the evacuation capacity of metro station under emergencies such as fires, as well as improving the emergency protection capability of rail transit system, is an important part of rail transit operation management. Based on the analysis of the impact of different factors on passenger's behavior under fire evacuation in metro station, this study models the facilities in metro station including gates, stairs, passageways, entrances and exits, and simulates the process of fire spread and the passenger evacuation scenarios by the model of cellular automata. A case study is brought out to illustrate the impact of different factors on evacuation capacity and evaluate the rationality of the station layout. The simulation result can provide basis for reconstruction of station facilities and layout design of the station.","","978-1-5386-7831-2","10.1109/ICITE.2018.8492555","","https://ieeexplore.ieee.org/stamp/stamp.jsp?arnumber=8492555","urban rail transit;metro station;fire;cellular automata;emergency evacuation","Fires;Automata;Rails;Logic gates;Analytical models;Layout","","10","","10","IEEE","18 Oct 2018","3-5 Sept. 2018","3-5 Sept. 2018","IEEE","IEEE Conferences"
"Simulation of Exit Selection Behavior Evacuation Based on an Improved Cellular Automata Model during Fire Disaster","O. K. A. Alidmat; K. Y. Umi; E. Alhenawi; H. J. Badarneh; R. Alazaidah; L. Al-Rbabah","Computer Science Department, Zarqa University, Zarqa, Jordan; School of Computer Sciences, Universiti Sains Malaysia, Pulau Pinang, Malaysia; Computer Science Department, Zarqa University, Zarqa, Jordan; Cyber Security Department, Zarqa University, Zarqa, Jordan; Data Science and Artifical Inteligence Department, Zarqa University, Zarqa, Jordan; Computer Science Department, Zarqa University, Zarqa, Jordan",2023 24th International Arab Conference on Information Technology (ACIT),"18 Mar 2024","2023","","","1","8","An agent evacuation under fire-spreading conditions is simulated using an improved two-dimensional cellular automaton model to characterize exit-choosing behavior inside a room with multiple exits. The proposed model incorporates non-static fire spreading behavior to avoid major discrepancies between reality and simulation. A new fire spreading parameter is introduced to simulate agents’ intelligent decision-making regarding movement, judgment of surrounding conditions, and action choices during fire evacuation. The overall agent behaviors during fire evacuation are also investigated, mainly to demonstrate the key role of the proposed fire spreading parameter in enabling agents to determine the fire location and size of the burning area in the early evacuation stage. The effects of agent distribution, density, fire location, spread speed, death toll, and total evacuation time on the evacuation process are also discussed in detail. Comparative analysis with previous works reveals notable results: the influence of the proposed fire parameter is markedly noticeable in reducing the average number of agents caught and killed by the spreading fire during evacuation. This reduction, in turn, could contribute to faster and safer escape during fire evacuation. The improved model can be applied to various fire evacuation scenarios and settings where multi-exit evacuation is required, such as stadiums, airports, or shopping malls.","2831-4948","979-8-3503-8430-7","10.1109/ACIT58888.2023.10453699","","https://ieeexplore.ieee.org/stamp/stamp.jsp?arnumber=10453699","Cellular automata;Dynamic parameters model;Fire spreading parameter;Fire evacuation simulation;Exit selection strategy","Atmospheric modeling;Disasters;Decision making;Automata;Airports;Behavioral sciences;Information technology","","3","","35","IEEE","18 Mar 2024","6-8 Dec. 2023","6-8 Dec. 2023","IEEE","IEEE Conferences"
"Pervasive emergency support systems for building evacuation","A. Filippoupolitis; G. Gorbil; E. Gelenbe","Department of Electrical & Electronic Engineering, Imperial College London, London, UK; Department of Electrical & Electronic Engineering, Imperial College London, London, UK; Department of Electrical & Electronic Engineering, Imperial College London, London, UK",2012 IEEE International Conference on Pervasive Computing and Communications Workshops,"10 May 2012","2012","","","525","527","An emergency situation taking place inside a confined space, such as a building, is a challenging task due to the presence of dynamic conditions. Pervasive systems can prove beneficial for the evacuation procedure, as they can provide directions to the evacuees regarding the best available exit. In this paper we describe two pervasive systems geared towards emergency support, which are deployed inside a building. Both systems use simple communications in order to collect and disseminate information regarding the best evacuation paths. We use a multi-agent simulation platform to demonstrate how the use of the systems improves the outcome of the evacuation procedure.","","978-1-4673-0907-3","10.1109/PerComW.2012.6197557","","https://ieeexplore.ieee.org/stamp/stamp.jsp?arnumber=6197557","pervasive systems;emergency simulation;disaster management;building evacuation;opportunistic communications","Buildings;Hazards;Wireless communication;Artificial intelligence;Tin;Routing;Bridges","","4","","7","IEEE","10 May 2012","19-23 March 2012","19-23 March 2012","IEEE","IEEE Conferences"
"Video-based estimation of building occupancy during emergency egress","R. Tomastik; Yiqing Lin; A. Banaszuk","Pratt and Whitney, East Hartford, CT, USA; United Technologies Research Center, Inc., East Hartford, CT, USA; United Technologies Research Center, Inc., East Hartford, CT, USA",2008 American Control Conference,"5 Aug 2008","2008","","","894","901","Providing real-time estimates of building occupancy to first responders during emergency events can help in search and rescue, and egress management. This paper addresses the estimation of occupancy in each zone of a building, where the building is spatially divided into non-overlapping zones that cover all areas of the building. Each zone contains video cameras located at each portal of the zone, where each camera has a signal processing algorithm that detects number of people passing through the portal in each direction. The technical approach of this paper is to develop a non-linear stochastic state-space model of people traffic during emergency egress, and apply the extended Kalman filter which uses the video signal processing outputs and the people traffic model. The approach is demonstrated on a 16,000 square-foot building that has typical occupancy of 100 people. The estimator is tested on data from an agent-based simulation, and on data from an actual fire alarm. The results show that better estimation accuracy is achieved compared to an estimation approach that uses only the video sensors.","2378-5861","978-1-4244-2078-0","10.1109/ACC.2008.4586606","","https://ieeexplore.ieee.org/stamp/stamp.jsp?arnumber=4586606","","Cameras;Traffic control;Fires;State estimation;Disaster management;Portals;Stochastic processes;Testing;Humidity control;Lighting control","","25","1","7","","5 Aug 2008","11-13 June 2008","11-13 June 2008","IEEE","IEEE Conferences"
"Multi agent based decision support system for prioritized emergency fire evacuation","F. u. D. Ghauri; M. Yasir; Saif-ur-Rehman; S. Asghar","Department of Computer Science, Shaheed Zulfikar Ali Bhutto Institute of Science and Technology, Islamabad, Pakistan; Department of Computer Science, Shaheed Zulfikar Ali Bhutto Institute of Science and Technology, Islamabad, Pakistan; Department of Computer Science, Shaheed Zulfikar Ali Bhutto Institute of Science and Technology, Islamabad, Pakistan; Faculty of Engineering and Applied Sciences, Mohammad Ali Jinnah University, Islamabad, Pakistan",4th International Conference on New Trends in Information Science and Service Science,"17 Jun 2010","2010","","","457","463","Decision support systems (DSS) are computerized information systems used for decision making activities and management support. The importance of DSS is increasing with the advent of computerized systems. DSS has been remained one of the most important and widely researched area in disaster management. In any type of disaster either the source of these disasters is natural or human, the primary objective is always to minimize the causalities. To get this goal an efficient evacuation plan is required. Agent based technology has been remained a preferred field of research for last few decades in disaster management. There has been a problem of congestion while evacuating from large buildings with few exit points. In this article we have proposed a multi agent-based decision support system for prioritized evacuation during fire disaster. The proposed model can be implemented to validate proposed idea in evacuation to ensure the safety and quick evacuation of evacuees. The disaster points can be relocated and changed to assess the effect on the model.","","978-89-88678-17-6","","","https://ieeexplore.ieee.org/stamp/stamp.jsp?arnumber=5488573","component;Decision Support System;Multi-Agent Based System;Disaster Management System","Decision support systems;Fires;Decision making;Buildings;Computer science;Disaster management;Humans;Distributed computing;History;Power system modeling","","1","","10","","17 Jun 2010","11-13 May 2010","11-13 May 2010","IEEE","IEEE Conferences"
"Agent-Based Model of Mass Campus Shooting: Comparing Hiding and Moving of Civilians","P. Lu; D. Chen; Y. Li; X. Wang; S. Yu","Department of Sociology, Central South University, Changsha, China; Department of Sociology, Central South University, Changsha, China; Department of Sociology, Central South University, Changsha, China; School of Management and Economics, Beijing Institute of Technology, Beijing, China; School of Information and Electronics, Beijing Institute of Technology, Beijing, China",IEEE Transactions on Computational Social Systems,"24 May 2023","2023","10","3","994","1003","The follow-up impact of the campus shooting incident is enormous. Due to a large number of minors (vulnerable groups) and complex building environments, the school is one of the main targets of terrorists. The Sandy Hook Elementary School shooting in 2012 poses a challenge to social and public security. Considering the dichotomous characteristics of the people shot and the impact of the refuge area on the crowd movement in the shooting incident, we use an agent-based model to restore the real target case. Based on the optimal solution, we explore the effects of the number and location of building exits, the scale of the shooter’s attack, and the time to find shelter on the shooting results. For building exits, we found that for the environment in the case, the exit location has little impact on the number of casualties, but the increase in the number of exits provides more evacuation routes for the crowd and reduces the number of casualties. Panic will increase the probability of collision and injury. Hiding in a refuge area away from the shooter is effective to avoid shooting injury. At the same time, we propose the critical point of hiding probability. When it is greater than 40%, the faster the escape speed is, the higher the safety is; escape is more likely to replace avoidance in hiding probability less than 40% of environments. These findings are helpful to guide the building evacuation channel construction and emergency evacuation training.","2329-924X","","10.1109/TCSS.2022.3146966","National Social Science Foundation of China(grant numbers:17ZDA117); ","https://ieeexplore.ieee.org/stamp/stamp.jsp?arnumber=9712865","Agent-based modeling (ABM);campus shooting;civilians","Buildings;Safety;Injuries;Complexity theory;Blood;Sociology;Statistics","","6","","69","IEEE","14 Feb 2022","June 2023","","IEEE","IEEE Journals"
"Behaviour based motion simulation for fire evacuation procedures","Huibo Li; Wen Tang; D. Simpson","School of Computing, University of Teesside, Middlesbrough, UK; School of Computing, University of Teesside, Middlesbrough, UK; School of Computing, University of Teesside, Middlesbrough, UK","Proceedings Theory and Practice of Computer Graphics, 2004.","19 Jul 2004","2004","","","112","118","Virtual reality simulation of crowd movements in urban space and in architecture is a powerful complementary verification tool to assist urban planning, architectural design, and safety assessment. This paper describes a behaviour based simulation system for modeling movements of a high-density human crowd in buildings under constrains of fire evacuation procedures. Based on a behaviour simulation model, a realistic simulation prototype of human reactions to a fire event including both normal behaviours regarding to the fire regulations and behaviours against the rules such as panic, delay to evacuate, was implemented within a high quality visualization and real-time interactive 3D virtual environment.","","0-7695-2137-1","10.1109/TPCG.2004.1314460","","https://ieeexplore.ieee.org/stamp/stamp.jsp?arnumber=1314460","","Fires;Power system modeling;Humans;Discrete event simulation;Virtual reality;Architecture;Urban planning;Safety;Buildings;Virtual prototyping","","12","","13","IEEE","19 Jul 2004","8-10 June 2004","8-10 June 2004","IEEE","IEEE Conferences"
"Multi agent simulation of pedestrian behavior in closed spatial environments","F. Camillen; S. Caprì; C. Garofalo; M. Ignaccolo; G. Inturri; A. Pluchino; A. Rapisarda; S. Tudisco","Universita Catania, Italy; Universita Catania, Italy; Universita Catania, Italy; Universita Catania, Italy; Universita Catania, Italy; Universita Catania, Italy; Universita Catania, Italy; Universita Catania, Italy",2009 IEEE Toronto International Conference Science and Technology for Humanity (TIC-STH),"8 Apr 2010","2009","","","375","380","Agent-based simulations show their potential in many context of transport management in presence of unusual demand, such as airport passenger terminals, railway stations, urban pedestrian areas, public buildings, street events or open space exhibitions, where management or control by related authorities and public safety are strongly affected by spatial geometry and crowd behavior. We illustrate these ideas with an example based on the simulation of people visiting and evacuating a museum, which offers an excellent test environment for simulating a collective behavior emerging from local movements in a closed space. The model we apply is developed within a programmable modeling environment, NetLogo, designed for simulating time-evolution of complex systems. We verify the existing emergency plan for building evacuation, for different demand patterns such as visiting group size and inter-arrival times, and we compare it with alternative evacuation strategies looking for the optimal one. In this respect, we further demonstrate the effectiveness of agent-based simulations in finding emergent results difficult to be predicted.","","978-1-4244-3877-8","10.1109/TIC-STH.2009.5444471","","https://ieeexplore.ieee.org/stamp/stamp.jsp?arnumber=5444471","Intelligent agents;Pedestrian modelling;Crowd safety;Simulation;Spatial interaction;NetLogo","Railway safety;Solid modeling;Context modeling;Discrete event simulation;Airports;Rail transportation;Space stations;Air safety;Geometry;Testing","","17","","17","IEEE","8 Apr 2010","26-27 Sept. 2009","26-27 Sept. 2009","IEEE","IEEE Conferences"
"ClassEscape: The Conceptual Design of Crowd Modeling in Fire Evacuation Simulation","N. A. S. A. Razak; H. Sharbini; C. P. Chan; N. H. Borhan; C. W. Shiang","Faculty of Computer Science and Information Technology, Universiti Malaysia Sarawak, Kota Samarahan, Sarawak; Faculty of Computer Science and Information Technology, Universiti Malaysia Sarawak, Kota Samarahan, Sarawak; Faculty of Computer Science and Information Technology, Universiti Malaysia Sarawak, Kota Samarahan, Sarawak; Faculty of Computer Science and Information Technology, Universiti Malaysia Sarawak, Kota Samarahan, Sarawak; Faculty of Computer Science and Information Technology, Universiti Malaysia Sarawak, Kota Samarahan, Sarawak",2024 IEEE Symposium on Wireless Technology & Applications (ISWTA),"3 Sep 2024","2024","","","78","87","In the contemporary era, the proliferation of various applications, notably crowd modeling, has revolutionized problem-solving approaches across diverse sectors. However, the absence of organized fire drills poses a significant challenge to navigating hazardous zones to safety, particularly within densely populated lecture halls. To tackle these challenges, this paper presents the conceptual development of an evacuation simulation framework. The framework aims to propose a pseudo-code for path selection with a graphical interface tailored for simulating fire emergency evacuations, specifically within lecture halls or theaters. Utilizing 2D/3D model simulations, the framework seeks to replicate crowd evacuation scenarios with varying fire locations, providing valuable insights for enhancing fire safety measures and emergency response strategies. The significance of this project lies in its potential to educate and prepare students and staff in Faculty of Computer Science and Information Technology (FCSIT) teaching and learning facilities for making informed decisions during fire emergencies, thereby improving overall safety and preparedness. This conceptual design serves as a foundational step towards developing a comprehensive simulation tool for effective fire evacuation planning in educational institutions.","2324-7851","979-8-3503-5135-4","10.1109/ISWTA62130.2024.10651942","","https://ieeexplore.ieee.org/stamp/stamp.jsp?arnumber=10651942","simulation application;2D/3D crowd simulation model;fire evacuation;educational properties & safety","Computer science;Navigation;Computational modeling;Education;Emergency services;Planning;Problem-solving","","1","","48","IEEE","3 Sep 2024","20-21 July 2024","20-21 July 2024","IEEE","IEEE Conferences"
"Multi-objective optimization model based on steady degree for teaching building evacuation","P. Duan; S. Xiong; Z. Hu; Q. Chen; X. Zong","School of Computer Science and Technology, Wuhan University of Technology, Wuhan, Hubei, P.R.China; School of Computer Science and Technology, Wuhan University of Technology, Wuhan, Hubei, P.R.China; School of Computer Science and Technology, Wuhan University of Technology, Wuhan, Hubei, P.R.China; WISDRI Engineering & Research Incorporation Limited, Wuhan, Hubei, P.R. China; School of Computer Science and Technology Hubei University of Technology, Wuhan, Hubei, P.R.China",2014 IEEE Congress on Evolutionary Computation (CEC),"22 Sep 2014","2014","","","924","929","In this paper, the process of evacuation in teaching building is considered. The concept of steady degree based on cellular automata and potential field is introduced and it can describe the behavior tendency of evacuees during the evacuation process. With the help of steady degree, the model simulates the indoor evacuation behavior. To reduce the congestion and evacuation time, a multi-objective optimization model considering steady degree and evacuation clearance time is proposed. Finally, an experiment in the Teaching Building No.1 of Wuhan University of Technology is carried out. The results show that this model can reduce the clearance time of emergency evacuation in teaching building compared to other models.","","978-1-4799-1488-3","10.1109/CEC.2014.6900405","","https://ieeexplore.ieee.org/stamp/stamp.jsp?arnumber=6900405","","Buildings;Computational modeling;Automata;Optimization;Planning;Educational institutions","","1","","15","IEEE","22 Sep 2014","6-11 July 2014","6-11 July 2014","IEEE","IEEE Conferences"
"The Study on Time Pressure-based Model for the Fire Evacuation Simulations","Y. Y. Ma; W. K. Zhang; Y. Feng; Z. C. Zhang; H. Bo Li; M. Shi","School of Computer Science, South-Central Minzu University, Hubei, China; School of Computer Science, South-Central Minzu University, Hubei, China; School of Computer Science, South-Central Minzu University, Hubei, China; School of Computer Science, South-Central Minzu University, Hubei, China; School of Computer Science, South-Central Minzu University, Hubei, China; School of Computer Science, South-Central Minzu University, Hubei, China",2023 IEEE 14th International Conference on Software Engineering and Service Science (ICSESS),"31 Oct 2023","2023","","","162","166","The study on pedestrian behavior during fires is essential to effectively reduce casualties caused by such incidents. However, existing models have ignored the psychological impact of fires on pedestrians. To address this issue, this study proposes a fire evacuation model founded on time pressure. In this study, an algorithm is developed to calculate the time pressure (TP) experienced by pedestrians based on each pedestrian's available safe evacuation time (ASET) and required safe evacuation time (RSET). In addition, the TP-based update sequence and speed variance methods are developed. We analysed the distribution of TP for pedestrians and the effect of fire scenario coefficients on evacuation process. As the evacuation time increases, the TP exhibits a distinctive “bimodal” pattern. The findings provide the valuable guidance for building design and the formulation of emergency evacuation strategies.","2327-0594","979-8-3503-3627-6","10.1109/ICSESS58500.2023.10293033","Natural Science Foundation of China(grant numbers:72104254); Hubei Provincial Natural Science Foundation of China(grant numbers:2022CFB469); ","https://ieeexplore.ieee.org/stamp/stamp.jsp?arnumber=10293033","Time pressure;Fire emergency;Cellular Automata Model;Evacuation dynamics","Pedestrians;Buildings;Psychology;Automata;Software engineering","","1","","26","IEEE","31 Oct 2023","17-18 Oct. 2023","17-18 Oct. 2023","IEEE","IEEE Conferences"
"Simulation Research on Fire Evacuation of Large Public Buildings Based on Building Information Modeling","F. Wang; X. Xu; M. Chen; J. Nzige; F. Chong","Department of Management Science and Engineering, Anhui University of Technology, Ma'anshan, China; Department of Management Science and Engineering, Anhui University of Technology, Ma'anshan, China; Department of Management Science and Engineering, Anhui University of Technology, Ma'anshan, China; Department of Water Supply and Irrigation Engineering, Water Institute Tanzania, Dar es Salaam, Tanzania; Department of Management Science and Engineering, Anhui University of Technology, Ma'anshan, China",Complex System Modeling and Simulation,"29 Jul 2021","2021","1","2","122","130","Reasonable evacuation strategies are important in reducing casualties in the event of a fire. In this work, we conduct a simulation of a fire evacuation of a large public building based on the building information modeling technology to find the best evacuation strategy. We identify the tolerance limit of evacuees in case of a fire as the basis of the simulation using the fire dynamics simulator software. The following four evacuation strategies are proposed and simulated: stratified evacuation only by stairs, stratified evacuation mainly by stairs and supplemented by fire elevators, holistic evacuation only by stairs, and holistic evacuation mainly by stairs and supplemented by fire elevators. The case study of a college canteen shows that if 10% of evacuees (mainly elderly people who walk slowly and children who take up less space) are instructed to evacuate via fire elevators and the other 90% of evacuees (young men and women who move fast) use the stairs, the evacuation time can be reduced to a minimum. Some improvements in the design drawing result in the enhanced efficiency of the proposed strategy. The findings of this work are of great significance for the optimization of the structural design of large public buildings and provide some references for emergency evacuation.","2097-3705","","10.23919/CSMS.2021.0012","National Natural Science Foundation of China(grant numbers:71872002); ","https://ieeexplore.ieee.org/stamp/stamp.jsp?arnumber=9502051","Building Information Modeling (BIM);evacuation simulation;stairs-elevators combined evacuation model","Simulation;Buildings;Senior citizens;Stairs;Elevators;Software;Complex systems","","14","","19","","29 Jul 2021","June 2021","","TUP","TUP Journals"
"Towards a Smart Elevator-Aided Fire Evacuation Scheme in High-Rise Apartment Buildings for Elderly","H. Fang; H. Qiu; P. Lin; S. M. Lo; J. T. Y. Lo","Department of Architecture and Civil Engineering, City University of Hong Kong, Hong Kong, China; Department of Fire Safety Engineering, Southwest Jiaotong University, Chengdu, China; Department of Fire Safety Engineering, Southwest Jiaotong University, Chengdu, China; Department of Architecture and Civil Engineering, City University of Hong Kong, Hong Kong, China; Department of Civil and Environmental Engineering, Hong Kong Polytechnic University, Hong Kong, China",IEEE Access,"5 Sep 2022","2022","10","","90690","90705","Staircase evacuation is the major means of fire evacuation for current high-rise residential buildings. However, its feasibility may be questioned as more and more senior citizens live there in the future. The weakness in physical strength and mobility impairment of elderly people may impede the successful implementation of staircase evacuation. It is therefore reasonable to consider using elevators for overall evacuation in high-rise residential buildings. However, ensuring the fire safety of elevators and efficiently controlling the elevator-aided evacuation are two major difficulties for applying elevators in building fire evacuation. Recently, the use of smart control for building facility management has become a hot issue in built environment studies. An enabling solution for smart elevator-aided building fire evacuation (SEABFE) is proposed in this article. The solution supports the SEABFE by determining the safer and more efficient elevator-aided evacuation strategy based on real-time fire ground information and evacuation progress on the scene. A simulated case study of fire evacuation in a typical high-rise residential building shows that the proposed SEABFE can be successfully performed. Apart from keeping the elevator evacuation safe, the planned elevator-aided evacuation strategy may save 38.0% of the time compared with the strategy using only staircases in the scene.","2169-3536","","10.1109/ACCESS.2022.3201516","General Research Fund of Research Grant Council, Hong Kong Special Administrative Region, China(grant numbers:CityU 11216920); ","https://ieeexplore.ieee.org/stamp/stamp.jsp?arnumber=9866757","Elevator-aided evacuation;evacuation simulation;fire evacuation;high-rise buildings;strategic planning","Buildings;Elevators;Older adults;Real-time systems;Optimization;Stairs;Graphical models;Safety;Fires;Smart devices;Alarm systems","","16","","56","CCBY","25 Aug 2022","2022","","IEEE","IEEE Journals"
"A model-driven and simulation-based method to analyze building evacuation plans","D. Gianni; P. Bocciarelli; A. D'Ambrogio; G. Iazeolla","Dept. Innovative Technologies and Processes Guglielmo Marconi University Via Plinio 44, Rome, ITALY; Dept. Enterprise Engineering University of Rome Tor Vergata Via del Politecnico 1, Rome, ITALY; Dept. Enterprise Engineering University of Rome Tor Vergata Via del Politecnico 1, Rome, ITALY; Dept. Innovative Technologies and Processes Guglielmo Marconi University Via Plinio 44, Rome, ITALY",2015 Winter Simulation Conference (WSC),"18 Feb 2016","2015","","","2644","2655","Modern buildings are often expected to satisfy minimum safety requirements to define upper bounds for safety metrics, such as evacuation time. The building design must therefore consider prediction of these metrics for a set of representative evacuation scenarios. These scenarios can be rather complex, and often can be investigated only using building evacuation simulators. However, these simulators might require considerable development effort, and their use might therefore become less convenient, for time and cost issues. In this respect, this paper introduces a model-driven method to automatically develop building evacuation simulators from informal specifications of building evacuation scenarios, i.e., building plans and behavioral descriptions of evacuees. Specifically, the paper shows how a floor plan develops in the structural characteristics of an Extended Queueing Network (EQN) model and how the behavioral description can be used to parameterize the EQN model. The paper also presents an example application along with preliminary validation issues.","1558-4305","978-1-4673-9743-8","10.1109/WSC.2015.7408372","","https://ieeexplore.ieee.org/stamp/stamp.jsp?arnumber=7408372","","Analytical models;Safety;Buildings;Standards","","3","","26","IEEE","18 Feb 2016","6-9 Dec. 2015","6-9 Dec. 2015","IEEE","IEEE Conferences"
"Subway Fire Evacuation Simulation Model","K. Qin; C. Hu; D. Jia; X. Cui; Y. Zhang","International School of Software, Wuhan University, Wuhan, Hubei, China; International School of Software, Wuhan University, Wuhan, Hubei, China; International School of Software, Wuhan University, Wuhan, Hubei, China; International School of Software, Wuhan University, Wuhan, Hubei, China; Eastern Michigan University, Ypsilanti, MI, USA","2014 International Conference on Identification, Information and Knowledge in the Internet of Things","23 Mar 2015","2014","","","233","236","Fire is an increasing cause of casualties in modern life. Many people are killed in fire accidents every year. The worst thing is that people can hardly detect where and when afire will occur. Thus it is difficult to know which evacuation path is effective and safe in advance. In this article, a new system is introduced to simulate evacuation plans in fire accidents in both 2D and 3D, which helps people decide where they should go when a fire breaks out. This system is implemented in agent-based modeling, which makes it more intelligent and flexible.","","978-1-4799-8003-1","10.1109/IIKI.2014.54","","https://ieeexplore.ieee.org/stamp/stamp.jsp?arnumber=7064036","emergency evacuation; virtual reality; agent-based","Solid modeling;Three-dimensional displays;Fires;Accidents;Computational modeling;Logic gates;Numerical models","","4","","11","IEEE","23 Mar 2015","17-18 Oct. 2014","17-18 Oct. 2014","IEEE","IEEE Conferences"
"The impact of multi-modal transportation on the evacuation efficiency of building complexes","J. J. Blum; A. Eskandarian","Center for lntelligent Systems Research, George Washington University, Ashburn, VA, USA; Center far Intelligent Systems Research, George Washington University, Ashburn, VA, USA",Proceedings. The 7th International IEEE Conference on Intelligent Transportation Systems (IEEE Cat. No.04TH8749),"7 Mar 2005","2004","","","702","707","Efficient planning for the evacuation of building complexes requires an understanding of the complex interrelationships between multiple modes of transportation. This paper explores a model that captures the interactions between vehicles and pedestrians, as well as behavior unique to parking lots. This model was implemented in simulation of the evacuation of the hourly parking lot at Dulles International Airport. The results revealed the significant impact that these interrelations had on both the efficiency and the dynamics of the evacuation. The impact on the variances in delay experienced by individuals has important implications for both the safety of the evacuation and evacuation management.","","0-7803-8500-4","10.1109/ITSC.2004.1398987","","https://ieeexplore.ieee.org/stamp/stamp.jsp?arnumber=1398987","","Transportation;Airports;Vehicle dynamics;Safety;Analytical models;Delay;Helium;Satellites;Space shuttles;Traffic control","","3","","14","IEEE","7 Mar 2005","3-6 Oct. 2004","3-6 Oct. 2004","IEEE","IEEE Conferences"
"A GIS-based simulation for occupant evacuation in an amusement building","Yang Bo; Wu Yong-gang; Wang Cheng","Digital Valley Technology Laboratory of Hubei province, Huazhong University of Science and Technology, Wuhan, China; Digital Valley Technology Laboratory of Hubei province, Huazhong University of Science and Technology, Wuhan, China; Digital Valley Technology Laboratory of Hubei province, Huazhong University of Science and Technology, Wuhan, China","2010 2nd International Asia Conference on Informatics in Control, Automation and Robotics (CAR 2010)","29 Apr 2010","2010","3","","274","277","The emergency evacuation of amusement building is of extreme importance for the public safety. However, the insufficient facilities and complex environment of amusement buildings make occupants difficult to evacuation efficiently. This paper presents a new emergency evacuation simulation system based on Multi-Agent framework and Geographic Information System (GIS), which can simulate human's typical behaviors in multi-exit amusement buildings, and present the public evacuation process and in-time distribute during emergency. A prototype system of emergency evacuation simulation is implemented based on GIS application framework. A case study of evacuation in a KTV building in fire disaster has been conducted. Based on the simulation results, we provided some suggestions to improve the evacuation efficiency in KTV buildings.","1948-3422","978-1-4244-5192-0","10.1109/CAR.2010.5456684","","https://ieeexplore.ieee.org/stamp/stamp.jsp?arnumber=5456684","GIS;PSO;Multi-Agent System;evacuation simulation;fire disaster","Geographic Information Systems;Fires;Multiagent systems;Robotics and automation;Space technology;Safety;Analytical models;Asia;Informatics;Automatic control","","4","","13","IEEE","29 Apr 2010","6-7 March 2010","6-7 March 2010","IEEE","IEEE Conferences"
"Dynamic Exit Selection and Counting Area Adjustment for Efficient Crowd Evacuation in Asymmetrical Layouts","O. K. A. Alidmat; R. Alazaidah; M. Arabiat; H. Khafajeh; M. Aljaidi; U. K. Yusof; A. Elrashidi","Computer Science Department, Zarqa University, Zarqa, Jordan; Data Science and Artifical Inteligence Department, Zarqa University, Zarqa, Jordan; Computer Science Department, Zarqa University, Zarqa, Jordan; Faculty of Information Technology, Zarqa University, Zarqa, Jordan; Computer Science Department, Zarqa University, Zarqa, Jordan; School of Computer Sciences, Universiti Sains Malaysia, Pulau, Pinang, Malaysia; Department of Electrical Engineering, University of Business and Technology, Jeddah, Saudi Arabia",2024 25th International Arab Conference on Information Technology (ACIT),"17 Feb 2025","2024","","","1","10","This research introduces an innovative methodology to address the significant challenge of evacuating large crowds from buildings with multiple exits, particularly in scenarios with asymmetrical exit configurations and high population densities. The proposed model incorporates dynamic counting areas that adjust according to evacuee density, alongside a probabilistic exit selection mechanism influenced by enhanced dynamic parameters—congestion, distance, and empty. It also accounts for heterogeneous agent behaviors to more accurately represent evacuee dynamics in complex, asymmetrical environments with dense crowds. Key findings indicate that the model effectively alleviates bottlenecks at congested exits, optimizes exit usage, and enhances overall evacuation safety. Comparative analyses demonstrate that the proposed model significantly improves evacuation efficiency and reduces travel distances compared to previous models. Simulation results indicate that agent density directly affects evacuation time, with lower congestion levels facilitating faster egress. These advancements lead to more precise evacuation time predictions and crowd flow assessments, offering valuable insights for refining emergency egress strategies in complex settings. Future research will focus on refining the model with real-world data to expand its applicability in diverse settings, such as stadiums and public transportation hubs, thereby enhancing emergency preparedness and response.","2831-4948","979-8-3315-4001-2","10.1109/ACIT62805.2024.10877032","Zarqa University; ","https://ieeexplore.ieee.org/stamp/stamp.jsp?arnumber=10877032","Cellular Automata;Dynamic Parameters Model;Multi-Exit Evacuation;Asymmetrical Exit Layout;Crowd Evacuation","Analytical models;Simulation;Refining;Layout;Probabilistic logic;Data models;Safety;Information technology;Public transportation;Population density","","","","64","IEEE","17 Feb 2025","10-12 Dec. 2024","10-12 Dec. 2024","IEEE","IEEE Conferences"
"Effective Evacuation Planning by Leveraging Building Information","R. Singhal; L. Choudhary; A. Sarawagi; M. Makkar","Dept. of Mechanical-Mechatronics Engg., LNMIIT, Jaipur, India; Dept. of Electronics and Communication Engg., LNMIIT, Jaipur, India; Dept. of Electronics and Communication Engg., LNMIIT, Jaipur, India; Dept. of Mechanical-Mechatronics Engg., LNMIIT, Jaipur, India",2023 14th International Conference on Computing Communication and Networking Technologies (ICCCNT),"23 Nov 2023","2023","","","1","6","This paper addresses the necessity of evacuation planning in buildings. Prior evacuation planning for individuals inside the building ensures their safety during various disaster scenarios. The prime goal of safe evacuation is complete the process in the minimum time that individuals can rely on and reduces panic amongst them. The challenge lies in effectively utilising the building’s architecture and floor plans to outline the procedures that efficiently guide occupants to building exits. The results demonstrate the benefits of utilising the building information in the prior planning evacuation process for clearing people from the building during emergencies.","2473-7674","979-8-3503-3509-5","10.1109/ICCCNT56998.2023.10307588","","https://ieeexplore.ieee.org/stamp/stamp.jsp?arnumber=10307588","Crowd evacuation planning;building evacuation;emergency management;path planning;scheduling algorithms","Legged locomotion;Architecture;Buildings;Computer architecture;Stairs;Hybrid power systems;Planning","","2","","20","IEEE","23 Nov 2023","6-8 July 2023","6-8 July 2023","IEEE","IEEE Conferences"
"SOLACE a multi-agent model of human behaviour driven by social attachment during seismic crisis","J. Bañgate; J. Dugdale; E. Beck; C. Adam","LIG, PACTE, Grenoble, France; LIG, University Grenoble-Alps, Grenoble, France; University Grenoble-Alps, PACTE, Grenoble, France; LIG, University Grenoble-Alps, Grenoble, France",2017 4th International Conference on Information and Communication Technologies for Disaster Management (ICT-DM),"1 Feb 2018","2017","","","1","9","Human behaviour during crisis is social in nature. Affiliation, activated by threat, results in individuals seeking the proximity of attachment figures (i.e. family members, friends, colleagues, strangers, social groups, familiar places, and objects). This affects the actions, directions, and speeds adopted by individuals seeking safe areas. This paper presents SOLACE, a multi-agent model of human behaviour during seismic crisis based on social attachment theory. SOLACE is an attempt to show the effect of social attachment on the number of victims, and the time that it takes, to reach a safe area; this increases the realism in evacuation modelling. Real-geographic data are used to define the spatial context of the crisis environment, delimit mobility with barriers (e.g. buildings, debris), and constrain movement to freespace. A belief, desire, and intention (BDI) approach was adopted to integrate social bonds in human agent interaction and mobility. Initial results include realism in: (1) the synthetic crisis environment indicated by a power law distribution of earthquake effects: (a) intensities on buildings and shaking felt by human agents, and (b) evacuation delay, (2) agent movement and interaction (e.g. parent with child) influencing speed of evacuation.","","978-1-5386-2553-8","10.1109/ICT-DM.2017.8275676","","https://ieeexplore.ieee.org/stamp/stamp.jsp?arnumber=8275676","Social attachment;seismic crisis;evacuation;social simulation;mobility","Buildings;Data models;Earthquakes;Mathematical model;Context modeling;Multi-agent systems;Sociology","","6","","38","EU","1 Feb 2018","11-13 Dec. 2017","11-13 Dec. 2017","IEEE","IEEE Conferences"
"Experiment Research on Occupant Evacuation with the Influence of Visibility","D. Zhao; Q. Zhu; T. Fang","School of City Construction and Safety Engineering, Shanghai Institute of Technology, Shanghai, China; School of City Construction and Safety Engineering, Shanghai Institute of Technology, Shanghai, China; School of Civil Engineering, Anhui University of Architecture, Hefei, China",2010 International Conference on E-Product E-Service and E-Entertainment,"10 Dec 2010","2010","","","1","4","Experiment study on the influence of visibility on occupant evacuation in classroom is carried out. Different visibility conditions can be achieved by wearing different sunglasses or different daylight with curtains open or close. Occupant walking speed decreases with low visibility. And it is difficult to judge the evacuation routes and exit locations with low visibility. Especially when the visibility is zero, evacuation time is prolonged a lot and some special phenomenon can be found. A 2D cellular automata random model of occupant evacuation developed by our research group is used to simulate this evacuation process. Simulation results are almost consistent with the experiments.","","978-1-4244-7161-4","10.1109/ICEEE.2010.5660517","","https://ieeexplore.ieee.org/stamp/stamp.jsp?arnumber=5660517","","Fires;Automata;Biological system modeling;Dynamics;Educational institutions;Legged locomotion","","","","","IEEE","10 Dec 2010","7-9 Nov. 2010","7-9 Nov. 2010","IEEE","IEEE Conferences"
"A distributed decision support system for Building Evacuation","A. Filippoupolitis; E. Gelenbe","Department of Electrical & Electronic Engineering, Imperial College London, UK; Department of Electrical & Electronic Engineering, Imperial College London, UK",2009 2nd Conference on Human System Interactions,"23 Jun 2009","2009","","","323","330","The evacuation of a building is a challenging problem, since the evacuees most of the times do not know or do not follow the optimal evacuation route. Especially during an ongoing hazard present in the building, finding the best evacuation route becomes harder as the conditions along the paths change in the course of the evacuation procedure. In this paper we propose a distributed system that will compute the best evacuation routes in real-time, while a hazard is spreading inside the building. The system is composed of a network of decision nodes and sensor nodes, positioned in specific locations inside the building. The recommendations of the decision nodes are computed in a distributed manner, at each of the decision nodes, which then communicate them to evacuees or rescue personnel located in their vicinity. We evaluate our proposed system in various emergency scenarios, using a multi-agent simulation platform for building evacuation. Our results indicate that the presence of the system improves the outcome of the evacuation with respect to the evacuation time and the injury level of the evacuees.","2158-2254","978-1-4244-3959-1","10.1109/HSI.2009.5091000","","https://ieeexplore.ieee.org/stamp/stamp.jsp?arnumber=5091000","","Decision support systems;Hazards;Buildings;Sensor systems;Hazardous areas;Distributed computing;Real time systems;Injuries;Personnel;Computational modeling","","83","1","14","IEEE","23 Jun 2009","21-23 May 2009","21-23 May 2009","IEEE","IEEE Conferences"
"Combining Building and Behavior Models for Evacuation Planning","Y. Wang; L. Zhang; J. Ma; L. Liu; D. You; L. Zhang","State Key Laboratory of Remote Sensing Science, Beijing Normal University, Beijing, China; State Key Laboratory of Remote Sensing Science, Beijing Normal University, Beijing, China; PTV America, Inc., Tacoma, WA, USA; State Key Laboratory of Remote Sensing Science, Beijing Normal University, Beijing, China; State Key Laboratory of Remote Sensing Science, Beijing Normal University, Beijing, China; State Key Laboratory of Remote Sensing Science, Beijing Normal University, Beijing, China",IEEE Computer Graphics and Applications,"21 Apr 2011","2011","31","3","42","55","Emergency rescue and evacuation planning for complex high-rise buildings has been attracting greater interest from both researchers and practitioners. Simulations can help managers develop effective plans and evaluate scenarios for quickly gathering residents and evacuating affected areas. To help users find optimal rescue and evacuation routes, a proposed approach uses the extended hierarchical node-relation model (EHI-NRM) to represent a building's internal structure. The approach also employs the improved cellular automata model (ICA) to consider route-choice behavior, such as spatial reasoning and communication among evacuees. Experiments show that this approach can greatly reduce rescue and evacuation time.","1558-1756","","10.1109/MCG.2010.44","","https://ieeexplore.ieee.org/stamp/stamp.jsp?arnumber=5453326","emergency rescue;EHI-NRM;ICA;Hirpa;computer graphics;graphics and multimedia","Independent component analysis;Behavioral science;Remote sensing;Emergency services;Data models;Delay;Intelligent transportation systems;Disaster management;Fires;Terrorism","Algorithms;Behavior;Disaster Planning;Escape Reaction;Facility Design and Construction;Humans;Image Processing, Computer-Assisted;Models, Psychological;Models, Theoretical","18","1","7","IEEE","22 Apr 2010","May-June 2011","","IEEE","IEEE Magazines"
"Modeling Emergency Scenarios in Virtual Evacuation Environment","S. Sharma; H. Vadali","Department of Computer Science, Bowie State University, Bowie, MD, USA; Department of Computer Science, Bowie State University, Bowie, MD, USA",2009 WRI World Congress on Computer Science and Information Engineering,"24 Jul 2009","2009","4","","759","763","There has been an increasing interest in the use of Virtual Reality for learning and training. The development of Virtual Reality environment makes it possible for a user to understand and observe multiple paths and emotions that an agent would observe during evacuation. This paper presents a fuzzy logic application for modeling an evacuation scenario where fuzzy parameters such as stress, panic, and anger are modeled using fuzzy logic and integrated in the virtual environment. We present a virtual environment that has a group of agents move towards their goal which is the shortest distance from their initial position. Changing the fuzzy parameters has an effect on agentspsila speed. This paper presents a virtual reality application for simulation of panic behavior in a library building. The results show that the application can be used for way finding in the building, evacuation simulation, and safety evaluations of the building.","","978-0-7695-3507-4","10.1109/CSIE.2009.450","","https://ieeexplore.ieee.org/stamp/stamp.jsp?arnumber=5171098","Virtual Reality;Evacuation Simulation;Behavior Modeling;Emergency Simulation","Humans;Virtual reality;Libraries;Virtual environment;Fuzzy logic;Stress;Buildings;Computer science;Mathematical model;Navigation","","6","","20","IEEE","24 Jul 2009","31 March-2 April 2009","31 March-2 April 2009","IEEE","IEEE Conferences"
"Emergency evacuation simulation in staircases considering evacuees' physical and psychological status","N. Ding; P. B. Luh; H. Zhang; T. Chen","Institute of Public Safety Research (IPSR), Tsinghua University, Beijing, China; CFINS, Tsinghua University, Beijing, China; IPSR, Tsinghua University, Beijing, China; IPSR, Tsinghua University, Beijing, China",2013 IEEE International Conference on Automation Science and Engineering (CASE),"7 Nov 2013","2013","","","741","746","Building evacuation in case of emergency events such as fire and smoke has long been recognized as a crucial issue. Stair is the main egress, whether the staircases meet the criterion of building safety is thus important. But it is difficult or even impossible to test staircases in actual emergency events. In view of this, simulation is a proper method, and how to improve evacuation simulation in staircases is important. This problem, however, is difficult because several important evacuees' physical factors, which are ignored by many studies, should be considered in simulation model, and evacuees' psychology and moving uncertainties need to be considered, and evacuation experiments are needed to validate the simulation model. In this paper, a new cellular automata model is established. Several crucial physical factors and how evacuee's psychology influences their behaviors are introduced into this model. To simulate evacuees' moving uncertainties, a split-and-recombine grid map and a group of novel transition rules are introduced. To validate this simulation, a fire drill held in a high-rise building was video recorded. It is found that the simulation results are similar to the fire drill results according to statistical method. Several interesting phenomena, which happen in actual emergency evacuation events, are captured in the simulation process such as overtaking, merging, and going along the inner side of a staircase. The structure of this model is simple, and it is easy to be further developed and utilized in different buildings with various kinds of occupants such as children, adult and the old.","2161-8089","978-1-4799-1515-6","10.1109/CoASE.2013.6654004","","https://ieeexplore.ieee.org/stamp/stamp.jsp?arnumber=6654004","","Fires;Floors;Psychology;Automata;Educational institutions;Data models","","5","","24","IEEE","7 Nov 2013","17-20 Aug. 2013","17-20 Aug. 2013","IEEE","IEEE Conferences"
"Evacuation navigation strategy in complex building fires","L. Zhang; J. Liu; S. Tan","School of Computer Science and Engineering Ningxia Institute of Science and Technology, Shizuishan, China; School of Information Science and Engineering Northeastern University, Shenyang, China; School of Information Science and Engineering Northeastern University, Shenyang, China",2021 33rd Chinese Control and Decision Conference (CCDC),"30 Nov 2021","2021","","","7176","7181","Aiming at the problem of resource optimization of fire evacuation route in complex buildings, based on the idea of minimum total evacuation time, network flow path planning is combined with PSO algorithman to construct the evacuation model. The model realize the goal of route saturation evacuation and parallel evacuation. The simulation results show that routes saturation evacuation improves utilization of available resources, and reflects the importance of leaders in the critical path. The model gives an evacuation plan with flexible evacuation mode, providing a method to guide evacuation based on public smart building management.","1948-9447","978-1-6654-4089-9","10.1109/CCDC52312.2021.9602789","National Natural Science Foundation (NNSF) of China(grant numbers:61374137,61773106); National Natural Science Foundation of Ningxia Province(grant numbers:2018AAC03227); ","https://ieeexplore.ieee.org/stamp/stamp.jsp?arnumber=9602789","Evacuation Leader;MAPSO;Saturation Evacuation;Route Utilization","Smart buildings;Limiting;Navigation;Simulation;Heuristic algorithms;Path planning;Particle swarm optimization","","","","18","IEEE","30 Nov 2021","22-24 May 2021","22-24 May 2021","IEEE","IEEE Conferences"
"Optimization of grouping evacuation strategy in high-rise building fires based on graph theory and computational experiments","Y. Hu; X. Liu","Beijing University of Civil Engineering and Architecture, Beijing, Beijing, CN; Institute of Automation Chinese Academy of Sciences, Beijing, Beijing, CN",IEEE/CAA Journal of Automatica Sinica,"14 Aug 2018","2018","5","6","1104","1112","It is difficult to rescue people from outside, and emergency evacuation is still a main measure to decrease casualties in high-rise building fires. To improve evacuation efficiency, a valid and easily manipulated grouping evacuation strategy is proposed. Occupants escape in groups according to the shortest evacuation route is determined by graph theory. In order to evaluate and find the optimal grouping, computational experiments are performed to design and simulate the evacuation processes. A case study shown the application in detail and quantitative research conclusions is obtained. The thoughts and approaches of this study can be used to guide actual high-rise building evacuation processes in future.","2329-9274","","10.1109/JAS.2018.7511231","","https://ieeexplore.ieee.org/stamp/stamp.jsp?arnumber=8436491","","Graph theory;Buildings;Indexes;Optimization;Layout;Fires","","26","","","","14 Aug 2018","November 2018","","IEEE","IEEE Journals"
"A Hybrid Model for Simulation of Crowd Evacuation","X. Wang; Y. Zhang; D. Kong; B. Yin","Beijing Key Laboratory of Multimedia and Intelligent Software Technology, Beijing University of Technology, Beijing, China; Beijing Key Laboratory of Multimedia and Intelligent Software Technology, Beijing University of Technology, Beijing, China; Beijing Key Laboratory of Multimedia and Intelligent Software Technology, Beijing University of Technology, Beijing, China; Beijing Key Laboratory of Multimedia and Intelligent Software Technology, Beijing University of Technology, Beijing, China",2014 5th International Conference on Digital Home,"29 Dec 2014","2014","","","347","352","Crowd simulation has been widely used in virtual building evacuation, crowd behavior drilling, movie making, entertainment and many other fields. So far, it is still a difficult problem to synthesize realistic large-scale crowd rendering with an interactive frame-rate in the real-time applications. Therefore, efficiency is a pivotal problem to resolve. This paper proposes a hybrid approach to guide crowd movements by constructing a navigation field and local collision avoidance simultaneously. Crowd can take use of navigation field which records the optimal path and local collision test keeping them off obstacles with modified vector to reach their desired destinations. With our proposed method, we build a simulation environment for crowd evacuation and realized the evacuation in assembly occupancies successfully with excellent rendering result and high efficiency in reasonable frame.","","978-1-4799-4284-8","10.1109/ICDH.2014.72","","https://ieeexplore.ieee.org/stamp/stamp.jsp?arnumber=6996787","crowd simulation;path planning;collision avoidance;navigation field","Rendering (computer graphics);Navigation;Computational modeling;Mathematical model;Equations;Vectors;Instruction sets","","","","18","IEEE","29 Dec 2014","28-30 Nov. 2014","28-30 Nov. 2014","IEEE","IEEE Conferences"
"Smell of Fire Increases Behavioural Realism in Virtual Reality: A Case Study on a Recreated MGM Grand Hotel Fire","H. Khan; D. Nilsson","VR Evacuation Lab, CNRE, University of Canterbury; VR Evacuation Lab, CNRE, University of Canterbury",2023 IEEE International Symposium on Mixed and Augmented Reality (ISMAR),"4 Dec 2023","2023","","","820","828","Virtual reality allows creating highly immersive visual and auditory experiences, making users feel physically present in the environment. This makes it an ideal platform to simulate dangerous scenarios, including fire evacuation, and study human behaviour without exposing users to harmful elements. However, human perception of the surroundings is based on the integration of multiple sensory cues (visual, auditory, tactile, or/and olfactory) present in the environment. When some of the sensory stimuli are missing in the virtual experience, it can break the illusion of being there in the environment and could lead to actions that deviate from normal behaviour. In this work, we added an olfactory cue in a well-documented historic hotel fire scenario that was recreated in VR, and examined the effects of the olfactory cue on human behaviour. We conducted a between subject study on 40 naive participants. Our results show that the addition of the olfactory cue could increase behavioural realism. We found that 80% of the studied actions for the VR with olfactory cue condition matched the ones performed by the survivors. In comparison, only 40% of the participants’ actions for VR only condition were similar to the survivors.","2473-0726","979-8-3503-2838-7","10.1109/ISMAR59233.2023.00097","University of Canterbury; ","https://ieeexplore.ieee.org/stamp/stamp.jsp?arnumber=10316427","Olfactory Augmentation;Human Behaviour;Virtual Reality;- Fire Evacuation;Emergency Response","Visualization;Ethics;Olfactory;Virtual environments;Safety;Augmented reality","","7","","32","IEEE","4 Dec 2023","16-20 Oct. 2023","16-20 Oct. 2023","IEEE","IEEE Conferences"
"Optimizing aspects of pedestrian traffic in building designs","S. Rodriguez; Y. Zhang; N. Gans; N. M. Amato","Dept. of Computer Science and Engineering, Texas A&M Univ., College Station, Texas, USA; Department of Electrical Engineering, University of Texas at Dallas, Richardson, TX, USA; Department of Electrical Engineering, University of Texas at Dallas, Richardson, TX, USA; Dept. of Computer Science and Engineering, Texas A&M Univ., College Station, Texas, USA",2013 IEEE/RSJ International Conference on Intelligent Robots and Systems,"2 Jan 2014","2013","","","1327","1334","In this work, we investigate aspects of building design that can be optimized. Architectural features that we explore include pillar placement in simple corridors, doorway placement in buildings, and agent placement for information dispersement in an evacuation. The metrics utilized are tuned to the specific scenarios we study, which include continuous flow pedestrian movement and building evacuation. We use Multidimensional Direct Search (MDS) optimization with an extreme barrier criteria to find optimal placements while enforcing building constraints.","2153-0866","978-1-4673-6358-7","10.1109/IROS.2013.6696521","","https://ieeexplore.ieee.org/stamp/stamp.jsp?arnumber=6696521","","Optimization;Force;Measurement;Robots;Vectors;Floors","","4","","30","IEEE","2 Jan 2014","3-7 Nov. 2013","3-7 Nov. 2013","IEEE","IEEE Conferences"
"Problem Decomposition for Evacuation Simulation Using Network Flow","S. Ó. Murphy; K. N. Brown; C. Sreenan","Department of Computer Science, Mobile and Internet Systems Laboratory, Cork Constraint Computation Centre, University College Cork, Ireland; Department of Computer Science, Cork Constraint Computation Centre, University College Cork, Ireland; Department of Computer Science, Mobile and Internet Systems Laboratory, University College Cork, Ireland",2012 IEEE/ACM 16th International Symposium on Distributed Simulation and Real Time Applications,"29 Nov 2012","2012","","","101","108","Simulation of building evacuations can be a powerful tool for predicting evacuation outcomes, but for this prediction to be useful it must be produced in a timely manner. The building evacuation outcomes are dependent on the movement decisions of the occupants, but simulating all possible combinations of occupant decisions is infeasible. Our contribution is a novel technique using building structure knowledge in the form of a Network Flow Graph to determine where and when occupants might interact with one another. We decompose the problem into non-interacting groups, to be simulated separately, which leads to a significant simulation workload reduction.","1550-6525","978-1-4673-2954-5","10.1109/DS-RT.2012.21","","https://ieeexplore.ieee.org/stamp/stamp.jsp?arnumber=6365097","evacuation monitoring;multi-agent simulation;distributed simulation;network flow graph;problem decomposition","Buildings;Flow graphs;Computational modeling;Hazards;Sensors;Data models;Sociology","","","","21","IEEE","29 Nov 2012","25-27 Oct. 2012","25-27 Oct. 2012","IEEE","IEEE Conferences"
"Autonomous navigation systems for emergency management in buildings","A. Filippoupolitis; G. Gorbil; E. Gelenbe","Department of Electrical & Electronic Engineering, Imperial College London, London, UK; Department of Electrical & Electronic Engineering, Imperial College London, London, UK; Department of Electrical & Electronic Engineering, Imperial College London, London, UK",2011 IEEE GLOBECOM Workshops (GC Wkshps),"1 Mar 2012","2011","","","1056","1061","The evacuation of urban areas during an emergency is complex and challenging due to the dynamic conditions and ambiguity of information available to people in the affected area. Autonomous navigation systems can improve the outcome of such evacuations by providing up-to-date guidance and directions to people during the emergency. In this paper we present two distributed navigation systems deployed inside a confined space, such as a building, that use simple but effective communications to gather and disseminate information for the computation of evacuation paths. The first system is composed of a network of static decision nodes (DNs) positioned in the building, where DNs distributedly compute the best paths using local communication and computation, and each DN provides directions to people in its vicinity. The second system is composed of mobile communication nodes (CNs) carried by the people in the area. CNs form an opportunistic network in order to exchange information regarding the hazard and each CNs directs its user towards the safest/closest exit. Sensor nodes pre-deployed in the building monitor the environment and provide their measurements to both systems. We investigate the effect of failures of DNs on the evacuation outcome and study how the two systems can be used in conjunction to overcome such problems. A multi-agent simulation platform is used for the performance evaluation of our proposed systems in evacuation scenarios inside a three-floor building.","2166-0077","978-1-4673-0040-7","10.1109/GLOCOMW.2011.6162338","","https://ieeexplore.ieee.org/stamp/stamp.jsp?arnumber=6162338","Adaptive navigation systems;opportunistic communications;emergency simulation;building evacuation","Buildings;Hazards;Navigation;Wireless sensor networks;Monitoring;Tin;Wireless communication","","11","","27","IEEE","1 Mar 2012","5-9 Dec. 2011","5-9 Dec. 2011","IEEE","IEEE Conferences"
"Spatial Computers for Emergency Management","A. Filippoupolitis; G. Gorbil; E. Gelenbe","Department of Electrical & Electronic Engineering, Imperial College London, London, UK; Department of Electrical & Electronic Engineering, Imperial College London, London, UK; Department of Electrical & Electronic Engineering, Imperial College London, London, UK",2011 Fifth IEEE Conference on Self-Adaptive and Self-Organizing Systems Workshops,"29 Dec 2011","2011","","","61","66","The evacuation of a building during an emergency situation, such as a fire, is a complex and challenging task. As the conditions inside the building change due to the spreading of the hazard, it becomes difficult for an evacuee to find the best evacuation path. Information systems can prove beneficial for the evacuees, as they provide them with directions regarding the best path to follow at any given time. In this paper we present two spatially distributed computing systems that operate inside a building. They adapt to the dynamic conditions during an evacuation while relying on local communication and computation for determining the best evacuation paths. The first system is composed of a network of decision nodes (DNs) positioned at specific locations inside the building. Their goal is to provide the evacuees with directions regarding the best available exit. The second system is composed of mobile communication nodes (CNs) carried by the evacuees. They form an opportunistic network in order to exchange information regarding the hazard and to direct the evacuees towards the safest exit. Sensor nodes that monitor the hazard intensity in the building are used by both systems. We use a multi-agent simulation platform that we developed to evaluate the performance of our proposed systems in evacuation scenarios inside multi-storey buildings. We show how parameters such as the frequency of information exchange between the nodes and communication ranges affect the performance of the systems.","","978-1-4577-2029-1","10.1109/SASOW.2011.13","","https://ieeexplore.ieee.org/stamp/stamp.jsp?arnumber=6114575","Adaptive systems;emergency simulation;disaster management;building evacuation;opportunistic communications","Buildings;Hazards;Robot sensing systems;Tin;Navigation;Wireless communication;System performance","","6","","17","IEEE","29 Dec 2011","3-7 Oct. 2011","3-7 Oct. 2011","IEEE","IEEE Conferences"
"Coherent Modeling and Effective Coordination for Building Emergency Evacuation","B. Xiong; P. B. Luh; S. -C. Chang; L. Michel; A. See","Department of Electrical and Computer Engineering, University of Connecticut, Storrs, CT, USA; Department of Electrical and Computer Engineering, University of Connecticut, Storrs, CT, USA; Electrical Engineering Department, National Taiwan University, Taipei, Taiwan; Department of Computer Science and Engineering, University of Connecticut, Storrs, CT, USA; Department of Computer Science and Engineering, University of Connecticut, Storrs, CT, USA",2007 IEEE International Conference on Automation Science and Engineering,"8 Oct 2007","2007","","","670","677","Building evacuation has long been recognized as an important issue to improve occupant survivability in case of emergencies. This paper presents coherent modeling and effective coordination of egress and HVAC systems for offline evacuation planning, with the goal to evaluate what is the best that can be achieved assuming that occupants follow egress instructions. Key characteristics of the egress and HVAC systems are abstracted to establish two linear state-space models, and their interdependencies are formulated as linear inequality constraints. To solve the problem, each system establishes a local representation of the global problem by combining its own detail model with an aggregate model of the other system. Model aggregation is achieved based on wavelet transformations, and a local representation of the global problem is solved by using dynamic programming within the Lagrangian relaxation and surrogate optimization framework. The novelty of our approach lies in the coherent transformations of states, multipliers, and decisions across different scales for interdependent systems with discrete variables. The method can generate a good solution when time is limited and allow incremental improvement when more time is available. Numerical results demonstrate the effectiveness of our method.","2161-8089","978-1-4244-1153-5","10.1109/COASE.2007.4341836","","https://ieeexplore.ieee.org/stamp/stamp.jsp?arnumber=4341836","Building Egress System;HVAC;Emergency Evacuation;Wavelet Transformation","Aggregates;Dynamic programming;Lagrangian functions;Fires;Automation;USA Councils;Terrorism;Heating;Ventilation;Air conditioning","","3","","15","IEEE","8 Oct 2007","22-25 Sept. 2007","22-25 Sept. 2007","IEEE","IEEE Conferences"
"Using serious games to train evacuation behaviour","J. Ribeiro; J. E. Almeida; R. J. F. Rossetti; A. Coelho; A. L. Coelho","Department of Informatics Engineering, University of Porta, Porto, Portugal; Department of Informatics Engineering, LIACC-Laboratory of Artificial Intelligence and Computer Science, University of Porta, Porto, Portugal; Department of Informatics Engineering, LIACC-Laboratory of Artificial Intelligence and Computer Science, University of Porta, Porto, Portugal; Department of Informatics Engineering, INESC TEC-INESC Technology and Science, Faculty of Engineering, University of Porta, Porto, Portugal; LNEC-National Laboratory of Civil Engineering, Lisboa, Portugal",7th Iberian Conference on Information Systems and Technologies (CISTI 2012),"30 Aug 2012","2012","","","1","6","Emergency evacuation plans and evacuation drills are mandatory in public buildings in many countries. Their importance is considerable when it comes to guarantee safety and protection during a crisis. However, sometimes discrepancies arise between the goals of the plan and its outcomes, because people find it hard to take them very seriously, or due to the financial and time resources required. Serious games are a possible solution to tackle this problem. They have been successfully applied in different areas such as health care and education, since they can simulate an environment/task quite accurately, making them a practical alternative to real-life simulations. This paper presents a serious game developed using Unity 3D to recreate a virtual fire evacuation training tool. The prototype application was deployed which allowed the validation by user testing. A sample of 30 individuals tested the evacuating scenario, having to leave the building during a fire in the shortest time possible. Results have shown that users effectively end up learning some evacuation procedures from the activity, even if only to look for emergency signs indicating the best evacuation paths. It was also evidenced that users with higher video game experience had a significantly better performance.","2166-0735","978-989-96247-7-1","","","https://ieeexplore.ieee.org/stamp/stamp.jsp?arnumber=6263136","Evacuation simulator;fire drill;modelling and simulation;serious games","Games;Buildings;Fires;Training;Computational modeling;Engines","","6","","15","","30 Aug 2012","20-23 June 2012","20-23 June 2012","IEEE","IEEE Conferences"
"F-MAP: Integrated Framework of Fire Prediction and Multi-Agent Models for Path Finding","Y. Lin; Y. Wu","School of Safety Science, Tsinghua University, Beijing, China; Department of Engineering Physics, Tsinghua University, Beijing, China",2024 8th Asian Conference on Artificial Intelligence Technology (ACAIT),"10 Jun 2025","2024","","","873","877","With the continuous expansion of large public spaces in urban areas, fire evacuation procedures are encountering significant challenges. This paper presents a comprehensive framework called F-MAP that combines fire prediction, multi-agent model, and the path planning algorithm to enhance evacuation efficiency during fire incidents. F-MAP utilizes temperature and smoke prediction data as the base of dynamic obstacles. And by considering flow density, an improved A* algorithm is employed to optimize the path planning for the multi agent system. Experimental results demonstrate that F-MAP outperforms existing methods in non-fire conditions. In fire conditions, F-MAP integrates related factors to provide safer evacuation routes. Through the consideration of agents’ behavior, F-MAP minimizes path overlap, resulting in enhanced evacuation efficiency and improved personnel survival rates.","","979-8-3315-1709-0","10.1109/ACAIT63902.2024.11022235","Tsinghua University; ","https://ieeexplore.ieee.org/stamp/stamp.jsp?arnumber=11022235","fire prediction;multi-Agent model;path planning","Temperature distribution;Heuristic algorithms;Urban areas;Prediction algorithms;Path planning;Robustness;Personnel;Artificial intelligence;Multi-agent systems","","","","13","IEEE","10 Jun 2025","8-10 Nov. 2024","8-10 Nov. 2024","IEEE","IEEE Conferences"
